"pagePathLevel1_","b","sum"
"Ciudadania",2015-01-01,17
"Ciudadania",2015-01-02,19
"Ciudadania",2015-01-03,100
"Ciudadania",2015-01-04,63
"Ciudadania",2015-01-05,130
"Ciudadania",2015-01-06,33
"Ciudadania",2015-01-07,27
"Ciudadania",2015-01-08,39
"Ciudadania",2015-01-09,42
"Ciudadania",2015-01-10,14
"Ciudadania",2015-01-11,15
"Ciudadania",2015-01-12,15
"Ciudadania",2015-01-13,15
"Ciudadania",2015-01-14,11
"Ciudadania",2015-01-15,31
"Ciudadania",2015-01-16,49
"Ciudadania",2015-01-17,11
"Ciudadania",2015-01-18,21
"Ciudadania",2015-01-19,30
"Ciudadania",2015-01-20,33
"Ciudadania",2015-01-21,25
"Ciudadania",2015-01-22,19
"Ciudadania",2015-01-23,27
"Ciudadania",2015-01-24,19
"Ciudadania",2015-01-25,29
"Ciudadania",2015-01-26,51
"Ciudadania",2015-01-27,40
"Ciudadania",2015-01-28,40
"Ciudadania",2015-01-29,19
"Ciudadania",2015-01-30,16
"Ciudadania",2015-01-31,19
"Ciudadania",2015-02-01,12
"Ciudadania",2015-02-02,18
"Ciudadania",2015-02-03,12
"Ciudadania",2015-02-04,24
"Ciudadania",2015-02-05,25
"Ciudadania",2015-02-06,28
"Ciudadania",2015-02-07,41
"Ciudadania",2015-02-08,37
"Ciudadania",2015-02-09,23
"Ciudadania",2015-02-10,30
"Ciudadania",2015-02-11,35
"Ciudadania",2015-02-12,123
"Ciudadania",2015-02-13,20
"Ciudadania",2015-02-14,12
"Ciudadania",2015-02-15,14
"Ciudadania",2015-02-16,14
"Ciudadania",2015-02-17,29
"Ciudadania",2015-02-18,69
"Ciudadania",2015-02-19,44
"Ciudadania",2015-02-20,34
"Ciudadania",2015-02-21,22
"Ciudadania",2015-02-22,22
"Ciudadania",2015-02-23,33
"Ciudadania",2015-02-24,52
"Ciudadania",2015-02-25,49
"Ciudadania",2015-02-26,58
"Ciudadania",2015-02-27,99
"Ciudadania",2015-02-28,1508
"Ciudadania",2015-03-01,1841
"Ciudadania",2015-03-02,139
"Ciudadania",2015-03-03,54
"Ciudadania",2015-03-04,50
"Ciudadania",2015-03-05,49
"Ciudadania",2015-03-06,43
"Ciudadania",2015-03-07,44
"Ciudadania",2015-03-08,90
"Ciudadania",2015-03-09,49
"Ciudadania",2015-03-10,100
"Ciudadania",2015-03-11,54
"Ciudadania",2015-03-12,187
"Ciudadania",2015-03-13,321
"Ciudadania",2015-03-14,147
"Ciudadania",2015-03-15,21
"Ciudadania",2015-03-16,37
"Ciudadania",2015-03-17,41
"Ciudadania",2015-03-18,56
"Ciudadania",2015-03-19,33
"Ciudadania",2015-03-20,88
"Ciudadania",2015-03-21,105
"Ciudadania",2015-03-22,84
"Ciudadania",2015-03-23,148
"Ciudadania",2015-03-24,73
"Ciudadania",2015-03-25,67
"Ciudadania",2015-03-26,51
"Ciudadania",2015-03-27,32
"Ciudadania",2015-03-28,83
"Ciudadania",2015-03-29,34
"Ciudadania",2015-03-30,43
"Ciudadania",2015-03-31,26
"Ciudadania",2015-04-01,43
"Ciudadania",2015-04-02,50
"Ciudadania",2015-04-03,55
"Ciudadania",2015-04-04,38
"Ciudadania",2015-04-05,23
"Ciudadania",2015-04-06,36
"Ciudadania",2015-04-07,110
"Ciudadania",2015-04-08,213
"Ciudadania",2015-04-09,193
"Ciudadania",2015-04-10,1225
"Ciudadania",2015-04-11,1818
"Ciudadania",2015-04-12,524
"Ciudadania",2015-04-13,252
"Ciudadania",2015-04-14,92
"Ciudadania",2015-04-15,47
"Ciudadania",2015-04-16,339
"Ciudadania",2015-04-17,93
"Ciudadania",2015-04-18,40
"Ciudadania",2015-04-19,45
"Ciudadania",2015-04-20,45
"Ciudadania",2015-04-21,43
"Ciudadania",2015-04-22,36
"Ciudadania",2015-04-23,50
"Ciudadania",2015-04-24,39
"Ciudadania",2015-04-25,73
"Ciudadania",2015-04-26,273
"Ciudadania",2015-04-27,188
"Ciudadania",2015-04-28,140
"Ciudadania",2015-04-29,134
"Ciudadania",2015-04-30,67
"Ciudadania",2015-05-01,54
"Ciudadania",2015-05-02,22
"Ciudadania",2015-05-03,82
"Ciudadania",2015-05-04,221
"Ciudadania",2015-05-05,145
"Ciudadania",2015-05-06,66
"Ciudadania",2015-05-07,61
"Ciudadania",2015-05-08,34
"Ciudadania",2015-05-09,17
"Ciudadania",2015-05-10,16
"Ciudadania",2015-05-11,51
"Ciudadania",2015-05-12,67
"Ciudadania",2015-05-13,36
"Ciudadania",2015-05-14,34
"Ciudadania",2015-05-15,43
"Ciudadania",2015-05-16,24
"Ciudadania",2015-05-17,127
"Ciudadania",2015-05-18,88
"Ciudadania",2015-05-19,47
"Ciudadania",2015-05-20,49
"Ciudadania",2015-05-21,36
"Ciudadania",2015-05-22,21
"Ciudadania",2015-05-23,18
"Ciudadania",2015-05-24,20
"Ciudadania",2015-05-25,51
"Ciudadania",2015-05-26,41
"Ciudadania",2015-05-27,46
"Ciudadania",2015-05-28,44
"Ciudadania",2015-05-29,131
"Ciudadania",2015-05-30,78
"Ciudadania",2015-05-31,134
"Ciudadania",2015-06-01,93
"Ciudadania",2015-06-02,86
"Ciudadania",2015-06-03,206
"Ciudadania",2015-06-04,100
"Ciudadania",2015-06-05,53
"Ciudadania",2015-06-06,28
"Ciudadania",2015-06-07,23
"Ciudadania",2015-06-08,68
"Ciudadania",2015-06-09,39
"Ciudadania",2015-06-10,39
"Ciudadania",2015-06-11,48
"Ciudadania",2015-06-12,56
"Ciudadania",2015-06-13,28
"Ciudadania",2015-06-14,27
"Ciudadania",2015-06-15,44
"Ciudadania",2015-06-16,36
"Ciudadania",2015-06-17,76
"Ciudadania",2015-06-18,69
"Ciudadania",2015-06-19,34
"Ciudadania",2015-06-20,38
"Ciudadania",2015-06-21,20
"Ciudadania",2015-06-22,47
"Ciudadania",2015-06-23,119
"Ciudadania",2015-06-24,46
"Ciudadania",2015-06-25,41
"Ciudadania",2015-06-26,33
"Ciudadania",2015-06-27,20
"Ciudadania",2015-06-28,37
"Ciudadania",2015-06-29,36
"Ciudadania",2015-06-30,49
"Ciudadania",2015-07-01,49
"Ciudadania",2015-07-02,46
"Ciudadania",2015-07-03,37
"Ciudadania",2015-07-04,32
"Ciudadania",2015-07-05,28
"Ciudadania",2015-07-06,49
"Ciudadania",2015-07-07,60
"Ciudadania",2015-07-08,57
"Ciudadania",2015-07-09,62
"Ciudadania",2015-07-10,41
"Ciudadania",2015-07-11,29
"Ciudadania",2015-07-12,36
"Ciudadania",2015-07-13,46
"Ciudadania",2015-07-14,53
"Ciudadania",2015-07-15,46
"Ciudadania",2015-07-16,46
"Ciudadania",2015-07-17,20
"Ciudadania",2015-07-18,63
"Ciudadania",2015-07-19,59
"Ciudadania",2015-07-20,70
"Ciudadania",2015-07-21,39
"Ciudadania",2015-07-22,39
"Ciudadania",2015-07-23,45
"Ciudadania",2015-07-24,30
"Ciudadania",2015-07-25,69
"Ciudadania",2015-07-26,59
"Ciudadania",2015-07-27,39
"Ciudadania",2015-07-28,46
"Ciudadania",2015-07-29,27
"Destacado",2015-02-10,27
"Destacado",2015-02-11,208
"Destacado",2015-02-12,551
"Destacado",2015-02-13,182
"Destacado",2015-02-14,20
"Destacado",2015-02-15,7
"Destacado",2015-02-16,5
"Destacado",2015-02-17,15
"Destacado",2015-02-18,19
"Destacado",2015-02-19,15
"Destacado",2015-02-20,9
"Destacado",2015-02-21,279
"Destacado",2015-02-22,326
"Destacado",2015-02-23,67
"Destacado",2015-02-24,39
"Destacado",2015-02-25,10
"Destacado",2015-02-26,2
"Destacado",2015-02-28,3
"Destacado",2015-03-01,4
"Destacado",2015-03-02,11
"Destacado",2015-03-03,6
"Destacado",2015-03-04,27
"Destacado",2015-03-05,42
"Destacado",2015-03-06,151
"Destacado",2015-03-07,199
"Destacado",2015-03-08,178
"Destacado",2015-03-09,60
"Destacado",2015-03-10,25
"Destacado",2015-03-11,23
"Destacado",2015-03-12,9
"Destacado",2015-03-13,10
"Destacado",2015-03-14,19
"Destacado",2015-03-15,18
"Destacado",2015-03-16,30
"Destacado",2015-03-17,4
"Destacado",2015-03-18,7
"Destacado",2015-03-19,6
"Destacado",2015-03-20,10
"Destacado",2015-03-21,2
"Destacado",2015-03-22,28
"Destacado",2015-03-23,185
"Destacado",2015-03-24,72
"Destacado",2015-03-25,16
"Destacado",2015-03-26,34
"Destacado",2015-03-27,35
"Destacado",2015-03-28,24
"Destacado",2015-03-29,14
"Destacado",2015-03-30,4
"Destacado",2015-03-31,12
"Destacado",2015-04-01,19
"Destacado",2015-04-02,13
"Destacado",2015-04-03,13
"Destacado",2015-04-04,10
"Destacado",2015-04-05,8
"Destacado",2015-04-06,2
"Destacado",2015-04-07,44
"Destacado",2015-04-08,66
"Destacado",2015-04-09,69
"Destacado",2015-04-10,159
"Destacado",2015-04-11,46
"Destacado",2015-04-12,41
"Destacado",2015-04-13,46
"Destacado",2015-04-14,253
"Destacado",2015-04-15,191
"Destacado",2015-04-16,1054
"Destacado",2015-04-17,2041
"Destacado",2015-04-18,1152
"Destacado",2015-04-19,561
"Destacado",2015-04-20,321
"Destacado",2015-04-21,357
"Destacado",2015-04-22,274
"Destacado",2015-04-23,289
"Destacado",2015-04-24,144
"Destacado",2015-04-25,438
"Destacado",2015-04-26,282
"Destacado",2015-04-27,305
"Destacado",2015-04-28,150
"Destacado",2015-04-29,91
"Destacado",2015-04-30,61
"Destacado",2015-05-01,58
"Destacado",2015-05-02,38
"Destacado",2015-05-03,35
"Destacado",2015-05-04,46
"Destacado",2015-05-05,63
"Destacado",2015-05-06,79
"Destacado",2015-05-07,45
"Destacado",2015-05-08,53
"Destacado",2015-05-09,73
"Destacado",2015-05-10,72
"Destacado",2015-05-11,104
"Destacado",2015-05-12,63
"Destacado",2015-05-13,52
"Destacado",2015-05-14,117
"Destacado",2015-05-15,294
"Destacado",2015-05-16,503
"Destacado",2015-05-17,558
"Destacado",2015-05-18,365
"Destacado",2015-05-19,460
"Destacado",2015-05-20,417
"Destacado",2015-05-21,125
"Destacado",2015-05-22,35
"Destacado",2015-05-23,31
"Destacado",2015-05-24,42
"Destacado",2015-05-25,33
"Destacado",2015-05-26,39
"Destacado",2015-05-27,30
"Destacado",2015-05-28,65
"Destacado",2015-05-29,47
"Destacado",2015-05-30,29
"Destacado",2015-05-31,26
"Destacado",2015-06-01,52
"Destacado",2015-06-02,121
"Destacado",2015-06-03,230
"Destacado",2015-06-04,269
"Destacado",2015-06-05,594
"Destacado",2015-06-06,467
"Destacado",2015-06-07,330
"Destacado",2015-06-08,266
"Destacado",2015-06-09,383
"Destacado",2015-06-10,252
"Destacado",2015-06-11,60
"Destacado",2015-06-12,44
"Destacado",2015-06-13,72
"Destacado",2015-06-14,55
"Destacado",2015-06-15,83
"Destacado",2015-06-16,86
"Destacado",2015-06-17,180
"Destacado",2015-06-18,196
"Destacado",2015-06-19,184
"Destacado",2015-06-20,210
"Destacado",2015-06-21,368
"Destacado",2015-06-22,331
"Destacado",2015-06-23,408
"Destacado",2015-06-24,442
"Destacado",2015-06-25,408
"Destacado",2015-06-26,388
"Destacado",2015-06-27,90
"Destacado",2015-06-28,92
"Destacado",2015-06-29,93
"Destacado",2015-06-30,94
"Destacado",2015-07-01,116
"Destacado",2015-07-02,114
"Destacado",2015-07-03,108
"Destacado",2015-07-04,99
"Destacado",2015-07-05,50
"Destacado",2015-07-06,76
"Destacado",2015-07-07,271
"Destacado",2015-07-08,247
"Destacado",2015-07-09,201
"Destacado",2015-07-10,365
"Destacado",2015-07-11,1163
"Destacado",2015-07-12,1218
"Destacado",2015-07-13,1016
"Destacado",2015-07-14,1711
"Destacado",2015-07-15,800
"Destacado",2015-07-16,547
"Destacado",2015-07-17,453
"Destacado",2015-07-18,189
"Destacado",2015-07-19,189
"Destacado",2015-07-20,429
"Destacado",2015-07-21,364
"Destacado",2015-07-22,294
"Destacado",2015-07-23,189
"Destacado",2015-07-24,148
"Destacado",2015-07-25,77
"Destacado",2015-07-26,123
"Destacado",2015-07-27,142
"Destacado",2015-07-28,132
"Destacado",2015-07-29,103
"Poder",2015-01-01,78
"Poder",2015-01-02,107
"Poder",2015-01-03,79
"Poder",2015-01-04,132
"Poder",2015-01-05,202
"Poder",2015-01-06,131
"Poder",2015-01-07,117
"Poder",2015-01-08,137
"Poder",2015-01-09,108
"Poder",2015-01-10,70
"Poder",2015-01-11,81
"Poder",2015-01-12,95
"Poder",2015-01-13,157
"Poder",2015-01-14,166
"Poder",2015-01-15,210
"Poder",2015-01-16,188
"Poder",2015-01-17,55
"Poder",2015-01-18,126
"Poder",2015-01-19,105
"Poder",2015-01-20,140
"Poder",2015-01-21,171
"Poder",2015-01-22,125
"Poder",2015-01-23,152
"Poder",2015-01-24,209
"Poder",2015-01-25,359
"Poder",2015-01-26,364
"Poder",2015-01-27,266
"Poder",2015-01-28,317
"Poder",2015-01-29,313
"Poder",2015-01-30,284
"Poder",2015-01-31,189
"Poder",2015-02-01,255
"Poder",2015-02-02,255
"Poder",2015-02-03,591
"Poder",2015-02-04,1923
"Poder",2015-02-05,1146
"Poder",2015-02-06,270
"Poder",2015-02-07,3772
"Poder",2015-02-08,3686
"Poder",2015-02-09,762
"Poder",2015-02-10,888
"Poder",2015-02-11,1041
"Poder",2015-02-12,863
"Poder",2015-02-13,359
"Poder",2015-02-14,274
"Poder",2015-02-15,121
"Poder",2015-02-16,69
"Poder",2015-02-17,109
"Poder",2015-02-18,224
"Poder",2015-02-19,266
"Poder",2015-02-20,247
"Poder",2015-02-21,721
"Poder",2015-02-22,363
"Poder",2015-02-23,593
"Poder",2015-02-24,333
"Poder",2015-02-25,328
"Poder",2015-02-26,248
"Poder",2015-02-27,425
"Poder",2015-02-28,210
"Poder",2015-03-01,166
"Poder",2015-03-02,220
"Poder",2015-03-03,296
"Poder",2015-03-04,200
"Poder",2015-03-05,210
"Poder",2015-03-06,192
"Poder",2015-03-07,99
"Poder",2015-03-08,119
"Poder",2015-03-09,254
"Poder",2015-03-10,205
"Poder",2015-03-11,204
"Poder",2015-03-12,171
"Poder",2015-03-13,300
"Poder",2015-03-14,449
"Poder",2015-03-15,446
"Poder",2015-03-16,327
"Poder",2015-03-17,978
"Poder",2015-03-18,715
"Poder",2015-03-19,258
"Poder",2015-03-20,237
"Poder",2015-03-21,178
"Poder",2015-03-22,111
"Poder",2015-03-23,245
"Poder",2015-03-24,205
"Poder",2015-03-25,875
"Poder",2015-03-26,1975
"Poder",2015-03-27,476
"Poder",2015-03-28,290
"Poder",2015-03-29,130
"Poder",2015-03-30,141
"Poder",2015-03-31,126
"Poder",2015-04-01,106
"Poder",2015-04-02,93
"Poder",2015-04-03,113
"Poder",2015-04-04,105
"Poder",2015-04-05,94
"Poder",2015-04-06,162
"Poder",2015-04-07,178
"Poder",2015-04-08,316
"Poder",2015-04-09,526
"Poder",2015-04-10,739
"Poder",2015-04-11,529
"Poder",2015-04-12,192
"Poder",2015-04-13,308
"Poder",2015-04-14,243
"Poder",2015-04-15,478
"Poder",2015-04-16,367
"Poder",2015-04-17,1117
"Poder",2015-04-18,312
"Poder",2015-04-19,515
"Poder",2015-04-20,898
"Poder",2015-04-21,709
"Poder",2015-04-22,798
"Poder",2015-04-23,867
"Poder",2015-04-24,483
"Poder",2015-04-25,626
"Poder",2015-04-26,763
"Poder",2015-04-27,644
"Poder",2015-04-28,477
"Poder",2015-04-29,336
"Poder",2015-04-30,535
"Poder",2015-05-01,1309
"Poder",2015-05-02,1035
"Poder",2015-05-03,342
"Poder",2015-05-04,588
"Poder",2015-05-05,469
"Poder",2015-05-06,298
"Poder",2015-05-07,766
"Poder",2015-05-08,403
"Poder",2015-05-09,204
"Poder",2015-05-10,174
"Poder",2015-05-11,277
"Poder",2015-05-12,378
"Poder",2015-05-13,594
"Poder",2015-05-14,328
"Poder",2015-05-15,341
"Poder",2015-05-16,288
"Poder",2015-05-17,268
"Poder",2015-05-18,417
"Poder",2015-05-19,305
"Poder",2015-05-20,234
"Poder",2015-05-21,310
"Poder",2015-05-22,192
"Poder",2015-05-23,186
"Poder",2015-05-24,222
"Poder",2015-05-25,332
"Poder",2015-05-26,876
"Poder",2015-05-27,917
"Poder",2015-05-28,981
"Poder",2015-05-29,1414
"Poder",2015-05-30,776
"Poder",2015-05-31,241
"Poder",2015-06-01,426
"Poder",2015-06-02,446
"Poder",2015-06-03,652
"Poder",2015-06-04,408
"Poder",2015-06-05,282
"Poder",2015-06-06,210
"Poder",2015-06-07,173
"Poder",2015-06-08,321
"Poder",2015-06-09,634
"Poder",2015-06-10,787
"Poder",2015-06-11,916
"Poder",2015-06-12,585
"Poder",2015-06-13,520
"Poder",2015-06-14,534
"Poder",2015-06-15,797
"Poder",2015-06-16,956
"Poder",2015-06-17,608
"Poder",2015-06-18,356
"Poder",2015-06-19,292
"Poder",2015-06-20,216
"Poder",2015-06-21,197
"Poder",2015-06-22,396
"Poder",2015-06-23,338
"Poder",2015-06-24,335
"Poder",2015-06-25,406
"Poder",2015-06-26,322
"Poder",2015-06-27,618
"Poder",2015-06-28,544
"Poder",2015-06-29,734
"Poder",2015-06-30,403
"Poder",2015-07-01,379
"Poder",2015-07-02,443
"Poder",2015-07-03,561
"Poder",2015-07-04,484
"Poder",2015-07-05,414
"Poder",2015-07-06,473
"Poder",2015-07-07,388
"Poder",2015-07-08,413
"Poder",2015-07-09,353
"Poder",2015-07-10,430
"Poder",2015-07-11,369
"Poder",2015-07-12,390
"Poder",2015-07-13,377
"Poder",2015-07-14,416
"Poder",2015-07-15,462
"Poder",2015-07-16,334
"Poder",2015-07-17,1096
"Poder",2015-07-18,1056
"Poder",2015-07-19,1052
"Poder",2015-07-20,381
"Poder",2015-07-21,347
"Poder",2015-07-22,332
"Poder",2015-07-23,271
"Poder",2015-07-24,274
"Poder",2015-07-25,193
"Poder",2015-07-26,203
"Poder",2015-07-27,327
"Poder",2015-07-28,309
"Poder",2015-07-29,272
"Red Joven",2015-06-17,1
"Red Joven",2015-06-18,5
"Red Joven",2015-06-19,6
"Red Joven",2015-06-20,7
"Red Joven",2015-06-22,2
"Red Joven",2015-06-23,4
"Red Joven",2015-06-24,39
"Red Joven",2015-06-25,33
"Red Joven",2015-06-26,11
"Red Joven",2015-06-27,2
"Red Joven",2015-06-28,3
"Red Joven",2015-06-29,4
"Red Joven",2015-06-30,59
"Red Joven",2015-07-01,28
"Red Joven",2015-07-02,3
"Red Joven",2015-07-03,4
"Red Joven",2015-07-04,18
"Red Joven",2015-07-05,2
"Red Joven",2015-07-06,4
"Red Joven",2015-07-07,3
"Red Joven",2015-07-08,9
"Red Joven",2015-07-09,4
"Red Joven",2015-07-10,33
"Red Joven",2015-07-11,24
"Red Joven",2015-07-12,2
"Red Joven",2015-07-13,9
"Red Joven",2015-07-14,3
"Red Joven",2015-07-15,36
"Red Joven",2015-07-16,4
"Red Joven",2015-07-17,1
"Red Joven",2015-07-18,5
"Red Joven",2015-07-19,2
"Red Joven",2015-07-20,17
"Red Joven",2015-07-21,7
"Red Joven",2015-07-22,2
"Red Joven",2015-07-23,5
"Red Joven",2015-07-25,1
"Red Joven",2015-07-26,1
"Red Joven",2015-07-27,10
"Red Joven",2015-07-28,4
"Redacción",2015-01-11,4
"Redacción",2015-01-25,3
"Redacción",2015-02-01,1
"Redacción",2015-02-02,8
"Redacción",2015-02-03,8
"Redacción",2015-02-04,2
"Redacción",2015-02-05,7
"Redacción",2015-02-06,3
"Redacción",2015-02-07,3
"Redacción",2015-02-09,6
"Redacción",2015-02-10,7
"Redacción",2015-02-11,3
"Redacción",2015-02-12,1
"Redacción",2015-02-13,1
"Redacción",2015-02-15,1
"Redacción",2015-02-17,2
"Redacción",2015-02-19,1
"Redacción",2015-02-22,2
"Redacción",2015-02-23,2
"Redacción",2015-02-24,2
"Redacción",2015-02-25,8
"Redacción",2015-02-26,3
"Redacción",2015-02-27,2
"Redacción",2015-03-02,2
"Redacción",2015-03-04,11
"Redacción",2015-03-05,1
"Redacción",2015-03-06,4
"Redacción",2015-03-07,1
"Redacción",2015-03-08,3
"Redacción",2015-03-09,2
"Redacción",2015-03-10,1
"Redacción",2015-03-11,4
"Redacción",2015-03-13,3
"Redacción",2015-03-14,3
"Redacción",2015-03-15,4
"Redacción",2015-03-16,1
"Redacción",2015-03-17,2
"Redacción",2015-03-18,5
"Redacción",2015-03-19,5
"Redacción",2015-03-20,1
"Redacción",2015-03-21,1
"Redacción",2015-03-22,3
"Redacción",2015-03-23,1
"Redacción",2015-03-24,1
"Redacción",2015-03-25,1
"Redacción",2015-03-26,1
"Redacción",2015-03-27,1
"Redacción",2015-03-28,1
"Redacción",2015-03-29,1
"Redacción",2015-03-31,4
"Redacción",2015-04-01,3
"Redacción",2015-04-02,3
"Redacción",2015-04-03,2
"Redacción",2015-04-04,5
"Redacción",2015-04-05,2
"Redacción",2015-04-07,8
"Redacción",2015-04-08,1
"Redacción",2015-04-12,1
"Redacción",2015-04-14,4
"Redacción",2015-04-15,4
"Redacción",2015-04-16,1
"Redacción",2015-04-17,2
"Redacción",2015-04-20,1
"Redacción",2015-04-21,6
"Redacción",2015-04-22,32
"Redacción",2015-04-23,4
"Redacción",2015-04-24,1
"Redacción",2015-04-25,4
"Redacción",2015-04-26,2
"Redacción",2015-04-27,1
"Redacción",2015-04-28,2
"Redacción",2015-04-30,1
"Redacción",2015-05-01,2
"Redacción",2015-05-05,9
"Redacción",2015-05-06,3
"Redacción",2015-05-08,2
"Redacción",2015-05-12,4
"Redacción",2015-05-13,3
"Redacción",2015-05-14,2
"Redacción",2015-05-15,2
"Redacción",2015-05-16,1
"Redacción",2015-05-17,2
"Redacción",2015-05-19,1
"Redacción",2015-05-21,1
"Redacción",2015-05-23,2
"Redacción",2015-05-24,1
"Redacción",2015-05-26,1
"Redacción",2015-05-27,5
"Redacción",2015-05-28,1
"Redacción",2015-05-29,3
"Redacción",2015-06-01,2
"Redacción",2015-06-02,2
"Redacción",2015-06-03,8
"Redacción",2015-06-04,1
"Redacción",2015-06-06,3
"Redacción",2015-06-07,1
"Redacción",2015-06-09,1
"Redacción",2015-06-10,1
"Redacción",2015-06-11,1
"Redacción",2015-06-16,1
"Redacción",2015-06-17,2
"Redacción",2015-06-18,2
"Redacción",2015-06-23,3
"Redacción",2015-06-24,16
"Redacción",2015-06-25,13
"Redacción",2015-06-26,23
"Redacción",2015-06-27,18
"Redacción",2015-06-28,26
"Redacción",2015-06-29,16
"Redacción",2015-06-30,23
"Redacción",2015-07-01,5
"Redacción",2015-07-02,5
"Redacción",2015-07-03,3
"Redacción",2015-07-04,4
"Redacción",2015-07-05,3
"Redacción",2015-07-06,4
"Redacción",2015-07-07,3
"Redacción",2015-07-08,4
"Redacción",2015-07-09,4
"Redacción",2015-07-10,1
"Redacción",2015-07-11,3
"Redacción",2015-07-12,4
"Redacción",2015-07-13,4
"Redacción",2015-07-14,2
"Redacción",2015-07-15,3
"Redacción",2015-07-16,3
"Redacción",2015-07-17,2
"Redacción",2015-07-18,1
"Redacción",2015-07-19,1
"Redacción",2015-07-20,3
"Redacción",2015-07-21,8
"Redacción",2015-07-23,2
"Redacción",2015-07-25,2
"Redacción",2015-07-26,3
"Redacción",2015-07-27,4
"other",2015-01-01,532
"other",2015-01-02,247
"other",2015-01-03,267
"other",2015-01-04,1389
"other",2015-01-05,824
"other",2015-01-06,371
"other",2015-01-07,382
"other",2015-01-08,259
"other",2015-01-09,205
"other",2015-01-10,156
"other",2015-01-11,309
"other",2015-01-12,307
"other",2015-01-13,452
"other",2015-01-14,569
"other",2015-01-15,295
"other",2015-01-16,270
"other",2015-01-17,205
"other",2015-01-18,334
"other",2015-01-19,487
"other",2015-01-20,415
"other",2015-01-21,376
"other",2015-01-22,586
"other",2015-01-23,560
"other",2015-01-24,2356
"other",2015-01-25,4301
"other",2015-01-26,1752
"other",2015-01-27,1296
"other",2015-01-28,2096
"other",2015-01-29,2326
"other",2015-01-30,644
"other",2015-01-31,519
"other",2015-02-01,540
"other",2015-02-02,689
"other",2015-02-03,324
"other",2015-02-04,361
"other",2015-02-05,531
"other",2015-02-06,408
"other",2015-02-07,311
"other",2015-02-08,555
"other",2015-02-09,660
"other",2015-02-10,489
"other",2015-02-11,584
"other",2015-02-12,421
"other",2015-02-13,269
"other",2015-02-14,304
"other",2015-02-15,433
"other",2015-02-16,412
"other",2015-02-17,297
"other",2015-02-18,447
"other",2015-02-19,419
"other",2015-02-20,651
"other",2015-02-21,865
"other",2015-02-22,1706
"other",2015-02-23,4796
"other",2015-02-24,1088
"other",2015-02-25,847
"other",2015-02-26,405
"other",2015-02-27,343
"other",2015-02-28,231
"other",2015-03-01,468
"other",2015-03-02,531
"other",2015-03-03,545
"other",2015-03-04,493
"other",2015-03-05,584
"other",2015-03-06,400
"other",2015-03-07,320
"other",2015-03-08,481
"other",2015-03-09,767
"other",2015-03-10,526
"other",2015-03-11,458
"other",2015-03-12,420
"other",2015-03-13,436
"other",2015-03-14,630
"other",2015-03-15,361
"other",2015-03-16,562
"other",2015-03-17,608
"other",2015-03-18,404
"other",2015-03-19,366
"other",2015-03-20,406
"other",2015-03-21,306
"other",2015-03-22,1158
"other",2015-03-23,1240
"other",2015-03-24,951
"other",2015-03-25,558
"other",2015-03-26,342
"other",2015-03-27,886
"other",2015-03-28,751
"other",2015-03-29,727
"other",2015-03-30,784
"other",2015-03-31,480
"other",2015-04-01,459
"other",2015-04-02,373
"other",2015-04-03,446
"other",2015-04-04,392
"other",2015-04-05,900
"other",2015-04-06,850
"other",2015-04-07,508
"other",2015-04-08,560
"other",2015-04-09,1129
"other",2015-04-10,1400
"other",2015-04-11,615
"other",2015-04-12,569
"other",2015-04-13,607
"other",2015-04-14,516
"other",2015-04-15,497
"other",2015-04-16,448
"other",2015-04-17,321
"other",2015-04-18,439
"other",2015-04-19,700
"other",2015-04-20,664
"other",2015-04-21,848
"other",2015-04-22,610
"other",2015-04-23,674
"other",2015-04-24,503
"other",2015-04-25,621
"other",2015-04-26,1483
"other",2015-04-27,1037
"other",2015-04-28,565
"other",2015-04-29,524
"other",2015-04-30,436
"other",2015-05-01,343
"other",2015-05-02,259
"other",2015-05-03,349
"other",2015-05-04,523
"other",2015-05-05,614
"other",2015-05-06,756
"other",2015-05-07,405
"other",2015-05-08,384
"other",2015-05-09,280
"other",2015-05-10,397
"other",2015-05-11,630
"other",2015-05-12,557
"other",2015-05-13,669
"other",2015-05-14,895
"other",2015-05-15,621
"other",2015-05-16,376
"other",2015-05-17,560
"other",2015-05-18,545
"other",2015-05-19,736
"other",2015-05-20,769
"other",2015-05-21,674
"other",2015-05-22,796
"other",2015-05-23,652
"other",2015-05-24,791
"other",2015-05-25,814
"other",2015-05-26,3285
"other",2015-05-27,890
"other",2015-05-28,578
"other",2015-05-29,569
"other",2015-05-30,410
"other",2015-05-31,590
"other",2015-06-01,1195
"other",2015-06-02,964
"other",2015-06-03,933
"other",2015-06-04,674
"other",2015-06-05,771
"other",2015-06-06,441
"other",2015-06-07,480
"other",2015-06-08,601
"other",2015-06-09,636
"other",2015-06-10,728
"other",2015-06-11,650
"other",2015-06-12,564
"other",2015-06-13,523
"other",2015-06-14,526
"other",2015-06-15,733
"other",2015-06-16,768
"other",2015-06-17,688
"other",2015-06-18,522
"other",2015-06-19,317
"other",2015-06-20,337
"other",2015-06-21,450
"other",2015-06-22,959
"other",2015-06-23,1061
"other",2015-06-24,735
"other",2015-06-25,595
"other",2015-06-26,429
"other",2015-06-27,277
"other",2015-06-28,436
"other",2015-06-29,682
"other",2015-06-30,505
"other",2015-07-01,428
"other",2015-07-02,415
"other",2015-07-03,403
"other",2015-07-04,632
"other",2015-07-05,833
"other",2015-07-06,668
"other",2015-07-07,485
"other",2015-07-08,452
"other",2015-07-09,561
"other",2015-07-10,684
"other",2015-07-11,636
"other",2015-07-12,501
"other",2015-07-13,627
"other",2015-07-14,555
"other",2015-07-15,475
"other",2015-07-16,820
"other",2015-07-17,2206
"other",2015-07-18,1658
"other",2015-07-19,1309
"other",2015-07-20,1102
"other",2015-07-21,816
"other",2015-07-22,554
"other",2015-07-23,914
"other",2015-07-24,822
"other",2015-07-25,1223
"other",2015-07-26,1414
"other",2015-07-27,1296
"other",2015-07-28,881
"other",2015-07-29,709
