Anio,v0_ep_007,v0_ep_011,v11_cr_1_01,v12_pc_0_5,v12_pc_0_6,v13_gp_004_03,v13_gp_1_001,v13_gp_1_002,v13_gp_1_003,v13_gp_1_004,v13_gp_1_005,v13_gp_1_006,v13_gp_1_007,v13_gp_1_008,v13_gp_1_009,v13_gp_1_010,v13_gp_1_011,v13_gp_1_012,v13_gp_1_013,v13_gp_1_014,v13_gp_1_015,v13_gp_1_016,v13_gp_1_017,v13_gp_1_018,v13_gp_1_019,v13_gp_1_020,v13_gp_1_021,v13_gp_1_022,v13_gp_1_023,v13_gp_1_024,v13_gp_1_025,v13_gp_1_026,v13_gp_1_027,v13_gp_1_028,v13_gp_1_029,v13_gp_1_030,v13_gp_1_031,v13_gp_1_032,v13_gp_1_033,v13_gp_1_034,v13_gp_1_035,v13_gp_1_036,v13_gp_1_1,v13_gp_1_10,v13_gp_1_100,v13_gp_1_11,v13_gp_1_12,v13_gp_1_13,v13_gp_1_14,v13_gp_1_15,v13_gp_1_16,v13_gp_1_17,v13_gp_1_19,v13_gp_1_2,v13_gp_1_20,v13_gp_1_21,v13_gp_1_22,v13_gp_1_24,v13_gp_1_25,v13_gp_1_26,v13_gp_1_27,v13_gp_1_29,v13_gp_1_3,v13_gp_1_30,v13_gp_1_31,v13_gp_1_33,v13_gp_1_34,v13_gp_1_35,v13_gp_1_36,v13_gp_1_37,v13_gp_1_38,v13_gp_1_39,v13_gp_1_4,v13_gp_1_40,v13_gp_1_41,v13_gp_1_42,v13_gp_1_43,v13_gp_1_44,v13_gp_1_45,v13_gp_1_46,v13_gp_1_47,v13_gp_1_48,v13_gp_1_49,v13_gp_1_5,v13_gp_1_50,v13_gp_1_6,v13_gp_1_7,v13_gp_1_8,v13_gp_1_9,v13_gp_3_000,v13_gp_3_001,v13_gp_3_002,v13_gp_3_003,v13_gp_3_004,v13_gp_3_005,v13_gp_3_006,v13_gp_3_007,v13_gp_3_008,v13_gp_3_009,v13_gp_3_010,v13_gp_3_011,v13_gp_3_012,v13_gp_3_013,v13_gp_3_014,v13_gp_3_015,v13_gp_3_016,v13_gp_3_017,v13_gp_3_018,v13_gp_4_1,v13_gp_4_10,v13_gp_4_11,v13_gp_4_12,v13_gp_4_13,v13_gp_4_14,v13_gp_4_15,v13_gp_4_16,v13_gp_4_17,v13_gp_4_18,v13_gp_4_19,v13_gp_4_2,v13_gp_4_20,v13_gp_4_21,v13_gp_4_22,v13_gp_4_23,v13_gp_4_24,v13_gp_4_25,v13_gp_4_26,v13_gp_4_27,v13_gp_4_28,v13_gp_4_29,v13_gp_4_3,v13_gp_4_30,v13_gp_4_31,v13_gp_4_32,v13_gp_4_33,v13_gp_4_34,v13_gp_4_35,v13_gp_4_36,v13_gp_4_37,v13_gp_4_4,v13_gp_4_5,v13_gp_4_6,v13_gp_4_7,v13_gp_4_8,v13_gp_4_9,v1_cr_1,v1_cr_2,v1_cr_3,v1_cr_4,v1_cr_5,v1_cr_6,v1_cr_7,v1_d_001,v1_d_001_1,v1_d_001_10,v1_d_003,v1_d_004,v1_d_010,v1_d_011,v1_d_014,v2_p_0_01,v2_p_004,v2_p_018,v2_p_1_000,v2_p_1_09,v2_p_1_10,v2_p_1_11,v2_p_1_12,v2_p_1_13,v2_p_1_14,v2_p_1_15,v2_p_1_16,v2_p_1_17,v2_p_2_000,V2_p_2_003,V2_p_2_004,V2_p_3_000,v3_gp_001_03,v3_gp_024,v3_gp_025_1,v3_gp_025_2,v3_gp_025_3,v3_gp_035_08,v3_gp_035_15,v3_gp_035_23,v3_gp_1_000,v3_gp_1_001,v3_gp_1_002,v3_s_0_01,v3_s_001_18,v3_s_001_27,v3_s_001_28,v3_s_001_29,v3_s_001_30,v3_s_001_31,v3_s_001_32,v3_s_001_33,v3_s_001_34,v3_s_001_35,v3_s_001_36,v3_s_005,v3_s_006,v3_s_006_1,v3_s_006_2,v3_s_007,v3_s_007_23,v3_s_007_24,v3_s_010,v3_s_011_021,v3_s_012,v3_s_013,v3_s_014,v3_s_015,v3_s_016,v3_s_017,v3_s_018,v3_s_0_180,v3_s_0_181,v3_s_019,v3_s_019_1,v3_s_019_34,v3_s_020,v3_s_021,v3_s_029,v3_s_030,v3_s_1_1,v3_s_1_2,v3_s_1_3,v3_s_1_4,v4_e_001,v4_e_001_1,v4_e_001_10,v4_e_001_11,v4_e_001_12,v4_e_001_13,v4_e_001_2,v4_e_001_3,v4_e_001_4,v4_e_001_5,v4_e_001_6,v4_e_001_7,v4_e_001_8,v4_e_001_9,v4_e_002,v4_e_003,v4_e_004,v4_e_005,v4_e_012,v4_e_013,v4_e_013_1,v4_e_014,v4_e_015,v4_e_016,v4_e_0_17,v4_e_0_20,v4_e_029,v4_e_0_30,v4_e_033,v4_e_035,v4_e_037,v4_e_038,v4_e_046,v4_e_049,v4_e_053,v4_e_0_60,v4_e_0_61,v4_e_0_62,v4_e_0_63,v4_e_1_000,v4_e_1_001,v4_e_10_017,v4_e_1_002,v4_e_1_003,v4_e_1_004,v4_e_1_005,v4_e_1_006,v4_e_1_007,v4_e_1_008,v4_e_1_009,v4_e_1_010,v4_e_10_10,v4_e_10_100,v4_e_10_101,v4_e_10_102,v4_e_10_103,v4_e_10_104,v4_e_10_105,v4_e_10_106,v4_e_10_107,v4_e_10_108,v4_e_10_109,v4_e_1_011,v4_e_10_11,v4_e_10_110,v4_e_10_111,v4_e_10_112,v4_e_10_113,v4_e_1_012,v4_e_10_12,v4_e_1_013,v4_e_10_13,v4_e_1_014,v4_e_10_14,v4_e_1_015,v4_e_10_15,v4_e_1_016,v4_e_10_16,v4_e_1_017,v4_e_10_17,v4_e_1_018,v4_e_10_18,v4_e_1_019,v4_e_10_19,v4_e_10_2,v4_e_1_020,v4_e_10_20,v4_e_1_021,v4_e_10_21,v4_e_1_022,v4_e_10_22,v4_e_1_023,v4_e_10_23,v4_e_1_024,v4_e_10_24,v4_e_1_025,v4_e_10_25,v4_e_1_026,v4_e_10_26,v4_e_1_027,v4_e_10_27,v4_e_1_028,v4_e_10_28,v4_e_1_029,v4_e_10_29,v4_e_10_3,v4_e_1_030,v4_e_10_30,v4_e_1_031,v4_e_10_31,v4_e_1_032,v4_e_10_32,v4_e_1_033,v4_e_10_33,v4_e_1_034,v4_e_10_34,v4_e_1_035,v4_e_10_35,v4_e_1_036,v4_e_10_36,v4_e_1_037,v4_e_10_37,v4_e_1_038,v4_e_10_38,v4_e_1_039,v4_e_10_39,v4_e_10_4,v4_e_1_040,v4_e_10_40,v4_e_1_041,v4_e_10_41,v4_e_10_42,v4_e_10_43,v4_e_10_44,v4_e_10_45,v4_e_10_46,v4_e_10_47,v4_e_10_48,v4_e_10_49,v4_e_10_5,v4_e_10_50,v4_e_10_51,v4_e_10_52,v4_e_10_53,v4_e_10_54,v4_e_10_55,v4_e_10_56,v4_e_10_57,v4_e_10_58,v4_e_10_59,v4_e_10_6,v4_e_10_60,v4_e_10_61,v4_e_10_62,v4_e_10_63,v4_e_10_64,v4_e_10_65,v4_e_10_66,v4_e_10_67,v4_e_10_68,v4_e_10_69,v4_e_10_7,v4_e_10_70,v4_e_10_71,v4_e_10_72,v4_e_10_73,v4_e_10_74,v4_e_10_75,v4_e_10_76,v4_e_10_77,v4_e_10_78,v4_e_10_79,v4_e_10_8,v4_e_10_80,v4_e_10_81,v4_e_10_82,v4_e_10_83,v4_e_10_84,v4_e_10_85,v4_e_10_86,v4_e_10_87,v4_e_10_88,v4_e_10_89,v4_e_10_9,v4_e_10_90,v4_e_10_91,v4_e_10_92,v4_e_10_93,v4_e_10_94,v4_e_10_95,v4_e_10_96,v4_e_10_97,v4_e_10_98,v4_e_10_99,v4_e_113,v4_e_119,v4_e_120,v4_e_121,v4_e_122,v4_e_130,v4_e_1_33,v4_e_1_34,v4_e_1_35,v4_e_1_36,v4_e_1_37,v4_e_1_38,v4_e_1_50,v4_e_1_51,v4_e_4_001,v4_e_4_002,v4_ee_001,v4_ee_004,v4_ee_005,v4_ee_012_1,v4_ee_013,v4_ee_013_1,v4_ee_013_2,v4_ee_013_3,v4_ee_015,v4_ee_016,v4_ee_017_1,v4_ee_018,v4_ee_019,v4_ee_022,v4_ee_022_1,v4_ee_1_1,v4_ee_1_10,v4_ee_1_11,v4_ee_1_13,v4_ee_1_14,v4_ee_1_15,v4_ee_1_16,v4_ee_1_2,v4_ee_1_3,v4_ee_1_4,v4_ee_1_5,v4_ee_1_6,v4_ee_1_8,v4_ee_1_9,v5_ml_001,v5_ml_002_02,v5_ml_003,v5_ml_003_01,v5_ml_003_02,v5_ml_003_03,v5_ml_003_04,v5_ml_003_07,v5_ml_003_08,v5_ml_003_1,v5_ml_003_12,v5_ml_003_2,v5_ml_004,v5_ml_0_04,v5_ml_004_03,v5_ml_010,v5_ml_013,v5_ml_013_1,v5_ml_1_000,v5_ml_1_001,v5_ml_1_002,v5_ml_1_003,v6_sc_001_05,v6_sc_001_06,v6_sc_001_07,v6_sc_001_08,v6_sc_001_74,v6_sc_001_75,v6_sc_001_81,v6_sc_001_82,v6_sc_001_83,v6_sc_005,v6_sc_01_1,v6_sc_01_10,v6_sc_01_11,v6_sc_01_12,v6_sc_01_2,v6_sc_01_3,v6_sc_013_74,v6_sc_01_4,v6_sc_01_5,v6_sc_01_6,v6_sc_01_7,v6_sc_01_8,v6_sc_019,v6_sc_01_9,v6_sc_023,v6_sc_024,v6_sc_028,v6_sc_029,v6_sc_030,v6_sc_041,v6_sc_042,v6_sc_0_74,v6_sc_10_001,v6_sc_1_001,v6_sc_1_1,v6_sc_1_11,v6_sc_1_12,v6_sc_1_13,v6_sc_1_14,v6_sc_1_15,v6_sc_1_16,v6_sc_1_17,v6_sc_1_18,v6_sc_1_2,v6_sc_1_20,v6_sc_1_21,v6_sc_1_22,v6_sc_1_23,v6_sc_1_24,v6_sc_1_25,v6_sc_1_26,v6_sc_1_27,v6_sc_1_28,v6_sc_1_29,v6_sc_1_30,v6_sc_1_31,v6_sc_1_32,v6_sc_1_33,v6_sc_1_34,v6_sc_1_35,v6_sc_1_36,v6_sc_1_4,v6_sc_1_7,v7_v_003,v7_v_005,v7_v_006,v7_v_009_01,v7_v_0_12,v7_v_013,v7_v_013_2,v7_v_013_3,v7_v_013_4,v7_v_013_5,v7_v_013_6,v7_v_013_7,v7_v_013_90,v7_v_019_1,v7_v_021,v7_v_022_1,v7_v_025_1,v7_v_025_2,v7_v_054,v7_v_1_000,v7_v_10_000,v7_v_10_001,v7_v_1_001,v7_v_1_002,v7_v_1_003,v7_v_1_004,v7_v_1_005,v7_v_1_006,v7_v_1_009,v7_v_20_000,v7_v_2_1,v7_v_2_10,v7_v_2_11,v7_v_2_12,v7_v_2_13,v7_v_2_14,v7_v_2_15,v7_v_2_16,v7_v_2_17,v7_v_2_18,v7_v_2_19,v7_v_2_2,v7_v_2_20,v7_v_2_21,v7_v_2_22,v7_v_2_23,v7_v_2_24,v7_v_2_25,v7_v_2_26,v7_v_2_27,v7_v_2_28,v7_v_2_29,v7_v_2_3,v7_v_2_30,v7_v_2_31,v7_v_2_32,v7_v_2_33,v7_v_2_34,v7_v_2_35,v7_v_2_36,v7_v_2_37,v7_v_2_38,v7_v_2_39,v7_v_2_4,v7_v_2_40,v7_v_2_41,v7_v_2_42,v7_v_2_43,v7_v_2_44,v7_v_2_45,v7_v_2_46,v7_v_2_47,v7_v_2_48,v7_v_2_49,v7_v_2_5,v7_v_2_50,v7_v_2_51,v7_v_2_52,v7_v_2_53,v7_v_2_54,v7_v_2_55,v7_v_2_56,v7_v_2_57,v7_v_2_58,v7_v_2_59,v7_v_2_6,v7_v_2_60,v7_v_2_61,v7_v_2_62,v7_v_2_63,v7_v_2_64,v7_v_2_65,v7_v_2_66,v7_v_2_67,v7_v_2_68,v7_v_2_69,v7_v_2_7,v7_v_2_70,v7_v_2_8,v7_v_2_9,v7_v_4_001,v7_v_4_002,v7_v_4_003,v8_ma_004,v8_ma_1_001,v9_m_0_02,v9_m_016,v9_m_035,v9_m_1_001,v9_m_1_002,v9_m_1_003,v9_m_1_004,v9_m_1_005,v9_m_1_006,v9_m_1_007,v9_m_1_008,v9_m_1_009,v9_m_1_010,v9_m_1_011,v9_m_1_012,v9_m_1_013,v9_m_1_014,v9_m_1_015,v9_m_1_016,v9_m_1_017
1993,NA,NA,NA,NA,NA,NA,NA,NA,NA,NA,NA,NA,NA,NA,NA,NA,NA,NA,NA,NA,NA,NA,NA,NA,NA,NA,NA,NA,NA,NA,NA,NA,NA,NA,NA,NA,NA,NA,NA,NA,NA,NA,NA,NA,NA,NA,NA,NA,NA,NA,NA,NA,NA,NA,NA,NA,NA,NA,NA,NA,NA,NA,NA,NA,NA,NA,NA,NA,NA,NA,NA,NA,NA,NA,NA,NA,NA,NA,NA,NA,NA,NA,NA,NA,NA,NA,NA,NA,NA,NA,NA,NA,NA,NA,NA,NA,NA,NA,NA,NA,NA,NA,NA,NA,NA,NA,NA,NA,NA,NA,NA,NA,NA,NA,NA,NA,NA,NA,NA,NA,NA,NA,NA,NA,NA,NA,NA,NA,NA,NA,NA,NA,NA,NA,NA,NA,NA,NA,NA,NA,NA,NA,NA,NA,NA,NA,NA,NA,NA,NA,NA,NA,1794126,NA,NA,NA,NA,NA,NA,NA,NA,NA,NA,NA,NA,NA,NA,NA,NA,NA,NA,NA,NA,NA,NA,NA,NA,NA,NA,NA,NA,NA,NA,NA,NA,NA,NA,NA,NA,NA,NA,NA,NA,NA,NA,NA,NA,NA,NA,NA,NA,NA,NA,NA,NA,NA,NA,NA,NA,NA,NA,NA,NA,NA,NA,NA,NA,NA,NA,NA,NA,NA,NA,NA,NA,NA,NA,NA,NA,NA,NA,NA,NA,NA,NA,NA,NA,NA,NA,NA,NA,NA,NA,NA,NA,NA,NA,NA,NA,NA,NA,NA,NA,NA,NA,NA,NA,NA,NA,NA,NA,NA,NA,NA,NA,NA,NA,NA,NA,NA,NA,NA,NA,NA,NA,NA,NA,NA,NA,NA,NA,NA,NA,NA,NA,NA,NA,NA,NA,NA,NA,NA,NA,NA,NA,NA,NA,NA,NA,NA,NA,NA,NA,NA,NA,NA,NA,NA,NA,NA,NA,NA,NA,NA,NA,NA,NA,NA,NA,NA,NA,NA,NA,NA,NA,NA,NA,NA,NA,NA,NA,NA,NA,NA,NA,NA,NA,NA,NA,NA,NA,NA,NA,NA,NA,NA,NA,NA,NA,NA,NA,NA,NA,NA,NA,NA,NA,NA,NA,NA,NA,NA,NA,NA,NA,NA,NA,NA,NA,NA,NA,NA,NA,NA,NA,NA,NA,NA,NA,NA,NA,NA,NA,NA,NA,NA,NA,NA,NA,NA,NA,NA,NA,NA,NA,NA,NA,NA,NA,NA,NA,NA,NA,NA,NA,NA,NA,NA,NA,NA,NA,NA,NA,NA,NA,NA,NA,NA,NA,NA,NA,NA,NA,NA,NA,NA,NA,NA,NA,NA,NA,NA,NA,NA,NA,NA,NA,NA,NA,NA,NA,NA,NA,NA,NA,NA,NA,NA,NA,NA,NA,NA,NA,NA,NA,NA,NA,NA,NA,NA,NA,NA,NA,NA,NA,NA,NA,NA,NA,NA,NA,NA,NA,NA,NA,NA,NA,NA,NA,NA,NA,NA,NA,NA,NA,NA,NA,NA,NA,NA,NA,NA,NA,NA,NA,NA,NA,NA,NA,NA,NA,NA,NA,NA,NA,NA,NA,NA,NA,NA,NA,NA,NA,NA,NA,NA,NA,NA,NA,NA,NA,NA,NA,NA,NA,NA,NA,NA,NA,NA,NA,NA,NA,NA,NA,NA,NA,NA,NA,NA,NA,NA,NA,NA,NA,NA,NA,NA,NA,NA,NA,NA,NA,NA,NA,NA,NA,NA,NA,NA,NA,NA,NA,NA,NA,NA,NA,NA,NA,NA,NA,NA,NA,NA,NA,NA,NA,NA,NA,NA,NA,NA,NA,NA,NA,NA,NA,NA,NA,NA,NA,NA,NA,NA,NA,NA,NA,NA,NA,NA,NA,NA,NA,NA,NA,NA,NA,NA,NA,NA,NA,NA,NA,NA,NA,NA,NA,NA,NA,NA,NA,NA,NA,NA,NA,NA,NA,NA,NA,NA,NA,NA,NA,NA,NA,NA,NA,NA,NA,NA,NA,NA,NA,NA,NA,NA,NA,NA,NA,NA,NA,NA,NA,NA,NA,NA,NA,NA,NA,NA,NA,NA,NA,NA,NA,NA,NA,NA,NA,NA,NA,NA,NA,NA,NA,NA,NA,NA
1998,NA,NA,NA,NA,NA,NA,NA,NA,NA,NA,NA,NA,NA,NA,NA,NA,NA,NA,NA,NA,NA,NA,NA,NA,NA,NA,NA,NA,NA,NA,NA,NA,NA,NA,NA,NA,NA,NA,NA,NA,NA,NA,NA,NA,NA,NA,NA,NA,NA,NA,NA,NA,NA,NA,NA,NA,NA,NA,NA,NA,NA,NA,NA,NA,NA,NA,NA,NA,NA,NA,NA,NA,NA,NA,NA,NA,NA,NA,NA,NA,NA,NA,NA,NA,NA,NA,NA,NA,NA,NA,NA,NA,NA,NA,NA,NA,NA,NA,NA,NA,NA,NA,NA,NA,NA,NA,NA,NA,NA,NA,NA,NA,NA,NA,NA,NA,NA,NA,NA,NA,NA,NA,NA,NA,NA,NA,NA,NA,NA,NA,NA,NA,NA,NA,NA,NA,NA,NA,NA,NA,NA,NA,NA,NA,NA,NA,NA,NA,NA,NA,NA,NA,NA,NA,NA,NA,NA,NA,NA,NA,NA,NA,NA,NA,3122,NA,NA,NA,NA,NA,NA,NA,NA,NA,NA,NA,NA,NA,NA,NA,NA,NA,NA,NA,NA,NA,NA,NA,NA,NA,NA,NA,NA,NA,NA,NA,NA,NA,NA,NA,NA,NA,NA,NA,NA,NA,NA,NA,NA,NA,NA,NA,NA,NA,NA,NA,NA,NA,NA,NA,NA,NA,NA,NA,NA,NA,NA,NA,NA,NA,NA,NA,NA,NA,NA,NA,NA,NA,NA,NA,NA,NA,NA,NA,NA,NA,NA,NA,NA,NA,NA,NA,NA,NA,NA,NA,NA,NA,NA,NA,NA,NA,NA,NA,NA,NA,NA,NA,NA,NA,NA,NA,NA,NA,NA,NA,NA,NA,NA,NA,NA,NA,NA,NA,NA,NA,NA,NA,NA,NA,NA,NA,NA,NA,NA,NA,NA,NA,NA,NA,NA,NA,NA,NA,NA,NA,NA,NA,NA,NA,NA,NA,NA,NA,NA,NA,NA,NA,NA,NA,NA,NA,NA,NA,NA,NA,NA,NA,NA,NA,NA,NA,NA,NA,NA,NA,NA,NA,NA,NA,NA,NA,NA,NA,NA,NA,NA,NA,NA,NA,NA,NA,NA,NA,NA,NA,NA,NA,NA,NA,NA,NA,NA,NA,NA,NA,NA,NA,NA,NA,NA,NA,NA,NA,NA,NA,NA,NA,NA,NA,NA,NA,NA,NA,NA,NA,NA,NA,NA,NA,NA,NA,NA,NA,NA,NA,NA,NA,NA,NA,NA,NA,NA,NA,NA,NA,NA,NA,NA,NA,NA,NA,NA,NA,NA,NA,NA,NA,NA,NA,NA,NA,NA,NA,NA,NA,NA,NA,NA,NA,NA,NA,NA,NA,NA,NA,NA,NA,NA,NA,NA,NA,NA,NA,NA,NA,NA,NA,NA,NA,NA,NA,NA,NA,NA,NA,NA,NA,NA,NA,NA,NA,NA,NA,NA,NA,NA,NA,NA,NA,NA,NA,NA,NA,NA,NA,NA,NA,NA,NA,NA,NA,NA,NA,NA,NA,NA,NA,NA,NA,NA,NA,NA,NA,NA,NA,NA,NA,NA,NA,NA,NA,NA,NA,NA,NA,NA,NA,NA,NA,NA,NA,NA,NA,NA,NA,NA,NA,NA,NA,NA,NA,NA,NA,NA,NA,NA,NA,NA,NA,NA,NA,NA,NA,NA,NA,NA,NA,NA,NA,NA,NA,NA,NA,NA,NA,NA,NA,NA,NA,NA,NA,NA,NA,NA,NA,NA,NA,NA,NA,NA,NA,NA,NA,NA,NA,NA,NA,NA,NA,NA,NA,NA,NA,NA,NA,NA,NA,NA,NA,NA,NA,NA,NA,NA,NA,NA,NA,NA,NA,NA,NA,NA,NA,NA,NA,NA,NA,NA,NA,NA,NA,NA,NA,NA,NA,NA,NA,NA,NA,NA,NA,NA,NA,NA,NA,NA,NA,NA,NA,NA,NA,NA,NA,NA,NA,NA,NA,NA,NA,NA,NA,NA,NA,NA,NA,NA,NA,NA,NA,NA,NA,NA,NA,NA,NA,NA,NA,NA,NA,NA,NA,NA,NA,NA,NA,NA,NA,NA,NA,NA,NA,NA,NA,NA,NA,NA,NA,NA,NA,NA,NA,NA,NA,NA,NA,NA,NA
1999,NA,NA,NA,NA,NA,NA,NA,NA,NA,NA,NA,NA,NA,NA,NA,NA,NA,NA,NA,NA,NA,NA,NA,NA,NA,NA,NA,NA,NA,NA,NA,NA,NA,NA,NA,NA,NA,NA,NA,NA,NA,NA,NA,NA,NA,NA,NA,NA,NA,NA,NA,NA,NA,NA,NA,NA,NA,NA,NA,NA,NA,NA,NA,NA,NA,NA,NA,NA,NA,NA,NA,NA,NA,NA,NA,NA,NA,NA,NA,NA,NA,NA,NA,NA,NA,NA,NA,NA,NA,NA,NA,NA,NA,NA,NA,NA,NA,NA,NA,NA,NA,NA,NA,NA,NA,NA,NA,NA,NA,NA,NA,NA,NA,NA,NA,NA,NA,NA,NA,NA,NA,NA,NA,NA,NA,NA,NA,NA,NA,NA,NA,NA,NA,NA,NA,NA,NA,NA,NA,NA,NA,NA,NA,NA,NA,NA,NA,NA,NA,NA,NA,NA,NA,NA,NA,NA,NA,NA,NA,NA,NA,NA,NA,NA,11950.0,282.7674567585,NA,NA,NA,NA,NA,NA,NA,NA,NA,NA,NA,NA,NA,NA,NA,NA,NA,NA,NA,NA,NA,NA,NA,NA,NA,NA,NA,NA,NA,NA,NA,NA,NA,NA,NA,NA,NA,NA,NA,NA,NA,NA,NA,NA,NA,NA,NA,NA,NA,NA,NA,NA,NA,NA,NA,NA,NA,NA,NA,NA,NA,NA,NA,NA,NA,NA,NA,NA,NA,NA,NA,NA,NA,NA,NA,NA,NA,NA,NA,NA,NA,NA,NA,NA,NA,NA,NA,NA,NA,NA,NA,NA,NA,NA,NA,NA,NA,NA,NA,NA,NA,NA,NA,NA,NA,NA,NA,NA,NA,NA,NA,NA,NA,NA,NA,NA,NA,NA,NA,NA,NA,NA,NA,NA,NA,NA,NA,NA,NA,NA,NA,NA,NA,NA,NA,NA,NA,NA,NA,NA,NA,NA,NA,NA,NA,NA,NA,NA,NA,NA,NA,NA,NA,NA,NA,NA,NA,NA,NA,NA,NA,NA,NA,NA,NA,NA,NA,NA,NA,NA,NA,NA,NA,NA,NA,NA,NA,NA,NA,NA,NA,NA,NA,NA,NA,NA,NA,NA,NA,NA,NA,NA,NA,NA,NA,NA,NA,NA,NA,NA,NA,NA,NA,NA,NA,NA,NA,NA,NA,NA,NA,NA,NA,NA,NA,NA,NA,NA,NA,NA,NA,NA,NA,NA,NA,NA,NA,NA,NA,NA,NA,NA,NA,NA,NA,NA,NA,NA,NA,NA,NA,NA,NA,NA,NA,NA,NA,NA,NA,NA,NA,NA,NA,NA,NA,NA,NA,NA,NA,NA,NA,NA,NA,NA,NA,NA,NA,NA,NA,NA,NA,NA,NA,NA,NA,NA,NA,NA,NA,NA,NA,NA,NA,NA,NA,NA,NA,NA,NA,NA,NA,NA,NA,NA,NA,NA,NA,NA,NA,NA,NA,NA,NA,NA,NA,NA,NA,NA,NA,NA,NA,NA,NA,NA,NA,NA,NA,NA,NA,NA,NA,NA,NA,NA,NA,NA,NA,NA,NA,NA,NA,NA,NA,NA,NA,NA,NA,NA,NA,NA,NA,NA,NA,NA,NA,NA,NA,NA,NA,NA,NA,NA,NA,NA,NA,NA,NA,NA,NA,NA,NA,NA,NA,NA,NA,NA,NA,NA,NA,NA,NA,NA,NA,NA,NA,NA,NA,NA,NA,NA,NA,NA,NA,NA,NA,NA,NA,NA,NA,NA,NA,NA,NA,NA,NA,NA,NA,NA,NA,NA,NA,NA,NA,NA,NA,NA,NA,NA,NA,NA,NA,NA,NA,NA,NA,NA,NA,NA,NA,NA,NA,NA,NA,NA,NA,NA,NA,NA,NA,NA,NA,NA,NA,NA,NA,NA,NA,NA,NA,NA,NA,NA,NA,NA,NA,NA,NA,NA,NA,NA,NA,NA,NA,NA,NA,NA,NA,NA,NA,NA,NA,NA,NA,NA,NA,NA,NA,NA,NA,NA,NA,NA,NA,NA,NA,NA,NA,NA,NA,NA,NA,NA,NA,NA,NA,NA,NA,NA,NA,NA,NA,NA,NA,NA,NA,NA,NA,NA,NA,NA,NA,NA,NA,NA,NA,NA,NA,NA,NA,NA,NA,NA
2000,NA,NA,NA,NA,NA,NA,NA,NA,NA,NA,NA,NA,NA,NA,NA,NA,NA,NA,NA,NA,NA,NA,NA,NA,NA,NA,NA,NA,NA,NA,NA,NA,NA,NA,NA,NA,NA,NA,NA,NA,NA,NA,NA,NA,NA,NA,NA,NA,NA,NA,NA,NA,NA,NA,NA,NA,NA,NA,NA,NA,NA,NA,NA,NA,NA,NA,NA,NA,NA,NA,NA,NA,NA,NA,NA,NA,NA,NA,NA,NA,NA,NA,NA,NA,NA,NA,NA,NA,NA,NA,NA,NA,NA,NA,NA,NA,NA,NA,NA,NA,NA,NA,NA,NA,NA,NA,NA,NA,NA,NA,NA,NA,NA,NA,NA,NA,NA,NA,NA,NA,NA,NA,NA,NA,NA,NA,NA,NA,NA,NA,NA,NA,NA,NA,NA,NA,NA,NA,NA,NA,NA,NA,NA,NA,NA,NA,NA,NA,NA,NA,NA,NA,NA,NA,NA,NA,NA,NA,NA,NA,NA,NA,NA,NA,21596.0,80.719665272,NA,NA,NA,NA,NA,NA,NA,NA,NA,NA,NA,NA,NA,NA,NA,NA,NA,NA,NA,NA,NA,NA,NA,NA,NA,NA,NA,NA,NA,NA,NA,NA,NA,NA,NA,NA,NA,NA,NA,NA,NA,NA,NA,NA,NA,NA,NA,NA,NA,NA,NA,NA,NA,NA,NA,NA,NA,NA,NA,NA,NA,NA,NA,NA,NA,NA,NA,NA,NA,NA,NA,NA,NA,NA,NA,NA,NA,NA,NA,NA,NA,NA,NA,NA,NA,NA,NA,NA,NA,NA,NA,NA,NA,NA,NA,NA,NA,NA,NA,NA,NA,NA,NA,NA,NA,NA,NA,NA,NA,NA,NA,NA,NA,NA,NA,NA,NA,NA,NA,NA,NA,NA,NA,NA,NA,NA,NA,NA,NA,NA,NA,NA,NA,NA,NA,NA,NA,NA,NA,NA,NA,NA,NA,NA,NA,NA,NA,NA,NA,NA,NA,NA,NA,NA,NA,NA,NA,NA,NA,NA,NA,NA,NA,NA,NA,NA,NA,NA,NA,NA,NA,NA,NA,NA,NA,NA,NA,NA,NA,NA,NA,NA,NA,NA,NA,NA,NA,NA,NA,NA,NA,NA,NA,NA,NA,NA,NA,NA,NA,NA,NA,NA,NA,NA,NA,NA,NA,NA,NA,NA,NA,NA,NA,NA,NA,NA,NA,NA,NA,NA,NA,NA,NA,NA,NA,NA,NA,NA,NA,NA,NA,NA,NA,NA,NA,NA,NA,NA,NA,NA,NA,NA,NA,NA,NA,NA,NA,NA,NA,NA,NA,NA,NA,NA,NA,NA,NA,NA,NA,NA,NA,NA,NA,NA,NA,NA,NA,NA,NA,NA,NA,NA,NA,NA,NA,NA,NA,NA,NA,NA,NA,NA,NA,NA,NA,NA,NA,NA,NA,NA,NA,NA,NA,NA,NA,NA,NA,NA,NA,NA,NA,NA,NA,NA,NA,NA,NA,NA,NA,NA,NA,NA,NA,NA,NA,NA,NA,NA,NA,NA,NA,NA,NA,NA,NA,NA,NA,NA,NA,NA,NA,NA,NA,NA,NA,NA,NA,NA,NA,NA,NA,NA,NA,NA,NA,NA,NA,NA,NA,NA,NA,NA,NA,NA,NA,NA,NA,NA,NA,NA,NA,NA,NA,NA,NA,NA,NA,NA,NA,NA,NA,NA,NA,NA,NA,NA,NA,NA,NA,NA,NA,NA,NA,NA,NA,NA,NA,NA,NA,NA,NA,NA,NA,NA,NA,NA,NA,NA,NA,NA,NA,NA,NA,NA,NA,NA,NA,NA,NA,NA,NA,NA,NA,NA,NA,NA,NA,NA,NA,NA,NA,NA,NA,NA,NA,NA,NA,NA,NA,NA,NA,NA,NA,NA,NA,NA,NA,NA,NA,NA,NA,NA,NA,NA,NA,NA,NA,NA,NA,NA,NA,NA,NA,NA,NA,NA,NA,NA,NA,NA,NA,NA,NA,NA,NA,NA,NA,NA,NA,NA,NA,NA,NA,NA,NA,NA,NA,NA,NA,NA,NA,NA,NA,NA,NA,NA,NA,NA,NA,NA,NA,NA,NA,NA,NA,NA,NA,NA,NA,NA,NA,NA,NA,NA,NA,NA,NA,NA,NA,NA,NA,NA
2001,NA,NA,NA,NA,NA,NA,NA,NA,NA,NA,NA,NA,NA,NA,NA,NA,NA,NA,NA,NA,NA,NA,NA,NA,NA,NA,NA,NA,NA,NA,NA,NA,NA,NA,NA,NA,NA,NA,NA,NA,NA,NA,NA,NA,NA,NA,NA,NA,NA,NA,NA,NA,NA,NA,NA,NA,NA,NA,NA,NA,NA,NA,NA,NA,NA,NA,NA,NA,NA,NA,NA,NA,NA,NA,NA,NA,NA,NA,NA,NA,NA,NA,NA,NA,NA,NA,NA,NA,NA,NA,NA,NA,NA,NA,NA,NA,NA,NA,NA,NA,NA,NA,NA,NA,NA,NA,NA,NA,NA,NA,NA,NA,NA,NA,NA,NA,NA,NA,NA,NA,NA,NA,NA,NA,NA,NA,NA,NA,NA,NA,NA,NA,NA,NA,NA,NA,NA,NA,NA,NA,NA,NA,NA,NA,NA,NA,NA,NA,NA,NA,NA,NA,NA,NA,NA,NA,NA,NA,NA,NA,NA,NA,NA,NA,17027.0,-21.1566956844,NA,NA,NA,NA,NA,NA,NA,NA,NA,NA,NA,NA,NA,NA,NA,NA,NA,NA,NA,NA,NA,NA,NA,NA,NA,NA,NA,NA,NA,NA,NA,NA,NA,NA,NA,NA,NA,NA,NA,NA,NA,NA,NA,NA,NA,NA,NA,NA,NA,NA,NA,NA,NA,NA,NA,NA,NA,NA,NA,NA,NA,NA,NA,NA,NA,NA,NA,NA,NA,NA,NA,NA,NA,NA,NA,NA,NA,NA,NA,NA,NA,NA,NA,NA,NA,NA,NA,NA,NA,NA,NA,NA,NA,NA,NA,NA,NA,NA,NA,NA,NA,NA,NA,NA,NA,NA,NA,NA,NA,NA,NA,NA,NA,NA,NA,NA,NA,NA,NA,NA,NA,NA,NA,NA,NA,NA,NA,NA,NA,NA,NA,NA,NA,NA,NA,NA,NA,NA,NA,NA,NA,NA,NA,NA,NA,NA,NA,NA,NA,NA,NA,NA,NA,NA,NA,NA,NA,NA,NA,NA,NA,NA,NA,NA,NA,NA,NA,NA,NA,NA,NA,NA,NA,NA,NA,NA,NA,NA,NA,NA,NA,NA,NA,NA,NA,NA,NA,NA,NA,NA,NA,NA,NA,NA,NA,NA,NA,NA,NA,NA,NA,NA,NA,NA,NA,NA,NA,NA,NA,NA,NA,NA,NA,NA,NA,NA,NA,NA,NA,NA,NA,NA,NA,NA,NA,NA,NA,NA,NA,NA,NA,NA,NA,NA,NA,NA,NA,NA,NA,NA,NA,NA,NA,NA,NA,NA,NA,NA,NA,NA,NA,NA,NA,NA,NA,NA,NA,NA,NA,NA,NA,NA,NA,NA,NA,NA,NA,NA,NA,NA,NA,NA,NA,NA,NA,NA,NA,NA,NA,NA,NA,NA,NA,NA,NA,NA,NA,NA,NA,NA,NA,NA,NA,NA,NA,NA,NA,NA,NA,NA,NA,NA,NA,NA,NA,NA,NA,NA,NA,NA,NA,NA,NA,NA,NA,NA,NA,NA,NA,NA,NA,NA,NA,NA,NA,NA,NA,NA,NA,NA,NA,NA,NA,NA,NA,NA,NA,NA,NA,NA,NA,NA,NA,NA,NA,NA,NA,NA,NA,NA,NA,NA,NA,NA,NA,NA,NA,NA,NA,NA,NA,NA,NA,NA,NA,NA,NA,NA,NA,NA,NA,NA,NA,NA,NA,NA,NA,NA,NA,NA,NA,NA,NA,NA,NA,NA,NA,NA,NA,NA,NA,NA,NA,NA,NA,NA,NA,NA,NA,NA,NA,NA,NA,NA,NA,NA,NA,NA,NA,NA,NA,NA,NA,NA,NA,NA,NA,NA,NA,NA,NA,NA,NA,NA,NA,NA,NA,NA,NA,NA,NA,NA,NA,NA,NA,NA,NA,NA,NA,NA,NA,NA,NA,NA,NA,NA,NA,NA,NA,NA,NA,NA,NA,NA,NA,NA,NA,NA,NA,NA,NA,NA,NA,NA,NA,NA,NA,NA,NA,NA,NA,NA,NA,NA,NA,NA,NA,NA,NA,NA,NA,NA,NA,NA,NA,NA,NA,NA,NA,NA,NA,NA,NA,NA,NA,NA,NA,NA,NA,NA,NA,NA,NA,NA,NA,NA,NA,NA,NA,NA,NA,NA
2002,NA,NA,NA,NA,NA,NA,NA,NA,NA,NA,NA,NA,NA,NA,NA,NA,NA,NA,NA,NA,NA,NA,NA,NA,NA,NA,NA,NA,NA,NA,NA,NA,NA,NA,NA,NA,NA,NA,NA,NA,NA,NA,NA,NA,NA,NA,NA,NA,NA,NA,NA,NA,NA,NA,NA,NA,NA,NA,NA,NA,NA,NA,NA,NA,NA,NA,NA,NA,NA,NA,NA,NA,NA,NA,NA,NA,NA,NA,NA,NA,NA,NA,NA,NA,NA,NA,NA,NA,NA,NA,NA,NA,NA,NA,NA,NA,NA,NA,NA,NA,NA,NA,NA,NA,NA,NA,NA,NA,NA,NA,NA,NA,NA,NA,NA,NA,NA,NA,NA,NA,NA,NA,NA,NA,NA,NA,NA,NA,NA,NA,NA,NA,NA,NA,NA,NA,NA,NA,NA,NA,NA,NA,NA,NA,NA,NA,NA,NA,NA,NA,NA,NA,NA,NA,NA,NA,NA,NA,NA,NA,NA,547.0,365.0,NA,20449.0,20.0974922182,19912.0,16822.0,84.4817195661,5689.0,1780.0,3909.0,0.08,NA,NA,NA,NA,NA,NA,NA,NA,NA,NA,NA,NA,NA,NA,NA,NA,NA,NA,NA,NA,NA,NA,NA,NA,NA,NA,NA,NA,NA,NA,NA,NA,NA,NA,NA,NA,NA,NA,NA,NA,NA,NA,NA,NA,NA,NA,NA,NA,NA,NA,NA,NA,NA,NA,NA,NA,NA,NA,NA,NA,NA,NA,NA,NA,NA,NA,NA,NA,NA,NA,NA,NA,NA,NA,NA,NA,NA,NA,NA,NA,NA,NA,NA,NA,NA,NA,NA,NA,NA,NA,NA,NA,NA,NA,NA,NA,NA,NA,NA,NA,NA,NA,NA,NA,NA,NA,NA,NA,NA,NA,NA,NA,NA,NA,NA,NA,NA,NA,NA,57.9,NA,NA,NA,NA,NA,NA,NA,NA,NA,NA,NA,NA,NA,NA,NA,NA,NA,NA,NA,NA,58.4,NA,NA,NA,NA,NA,NA,NA,NA,NA,NA,NA,NA,NA,NA,NA,NA,NA,NA,NA,NA,NA,NA,NA,NA,NA,NA,NA,NA,NA,NA,NA,NA,NA,NA,NA,NA,NA,NA,NA,NA,NA,NA,NA,NA,NA,NA,NA,NA,NA,NA,NA,NA,NA,NA,49.1,NA,NA,NA,NA,NA,NA,NA,NA,NA,NA,NA,NA,NA,NA,NA,NA,NA,NA,NA,NA,NA,NA,NA,NA,NA,NA,NA,NA,NA,NA,NA,NA,61.1,NA,NA,NA,NA,NA,NA,NA,NA,NA,NA,NA,NA,NA,NA,NA,NA,NA,NA,NA,NA,NA,NA,NA,NA,NA,NA,NA,NA,NA,NA,NA,NA,NA,NA,NA,NA,NA,NA,NA,NA,NA,NA,NA,NA,NA,NA,NA,NA,NA,NA,NA,NA,NA,NA,NA,NA,NA,NA,NA,NA,NA,NA,NA,NA,NA,NA,NA,NA,NA,NA,NA,NA,NA,NA,NA,NA,NA,NA,NA,NA,NA,NA,NA,NA,NA,NA,NA,NA,NA,NA,NA,NA,NA,NA,NA,NA,NA,NA,NA,NA,NA,NA,NA,NA,NA,NA,NA,NA,NA,NA,NA,NA,NA,NA,NA,NA,NA,NA,NA,NA,NA,NA,NA,NA,NA,NA,NA,NA,NA,NA,NA,NA,NA,NA,NA,NA,NA,NA,NA,NA,NA,NA,NA,NA,NA,NA,NA,NA,NA,NA,NA,NA,NA,NA,NA,NA,NA,NA,NA,NA,NA,NA,NA,NA,NA,NA,NA,NA,NA,NA,NA,NA,NA,NA,NA,NA,NA,NA,NA,NA,NA,NA,NA,NA,NA,NA,NA,NA,NA,NA,NA,NA,NA,NA,NA,NA,NA,NA,NA,NA,NA,NA,NA,NA,NA,NA,NA,NA,NA,NA,NA,NA,NA,NA,NA,NA,NA,NA,NA,NA,NA,NA,NA,NA,NA,NA,NA,NA,NA,NA,NA,NA,NA,NA,NA,NA,NA,NA,NA,NA,NA,NA,NA,NA,NA,NA,NA,NA,NA,NA,NA,NA,NA,NA,NA,NA,NA,NA,NA,NA,NA,NA,NA,NA,NA,NA,NA,NA,NA,NA,NA,NA,NA,NA,NA,NA
2003,NA,NA,NA,NA,NA,NA,NA,NA,NA,NA,NA,NA,NA,NA,NA,NA,NA,NA,NA,NA,NA,NA,NA,NA,NA,NA,NA,NA,NA,NA,NA,NA,NA,NA,NA,NA,NA,NA,NA,NA,NA,NA,NA,NA,NA,NA,NA,NA,NA,NA,NA,NA,NA,NA,NA,NA,NA,NA,NA,NA,NA,NA,NA,NA,NA,NA,NA,NA,NA,NA,NA,NA,NA,NA,NA,NA,NA,NA,NA,NA,NA,NA,NA,NA,NA,NA,NA,NA,NA,NA,NA,NA,NA,NA,NA,NA,NA,NA,NA,NA,NA,NA,NA,NA,NA,NA,NA,NA,NA,NA,NA,NA,NA,NA,NA,NA,NA,NA,NA,NA,NA,NA,NA,NA,NA,NA,NA,NA,NA,NA,NA,NA,NA,NA,NA,NA,NA,NA,NA,NA,NA,NA,NA,NA,NA,NA,NA,NA,NA,NA,NA,NA,NA,NA,NA,NA,NA,NA,NA,NA,NA,557.0,345.0,NA,10938.0,-46.5108318255,10892.0,8345.0,76.6158648549,10386.0,3159.0,7227.0,67.0,NA,NA,NA,NA,NA,NA,NA,NA,NA,NA,NA,NA,NA,NA,NA,NA,NA,NA,NA,NA,NA,NA,NA,NA,NA,NA,NA,NA,NA,NA,NA,NA,NA,NA,NA,NA,NA,NA,NA,NA,NA,NA,NA,NA,NA,NA,NA,NA,NA,NA,NA,NA,NA,NA,NA,NA,NA,NA,NA,NA,NA,NA,NA,NA,NA,NA,NA,NA,NA,NA,NA,NA,NA,NA,NA,NA,NA,NA,NA,NA,NA,NA,NA,NA,NA,NA,NA,NA,NA,NA,NA,NA,NA,NA,NA,NA,NA,NA,NA,NA,NA,NA,NA,NA,NA,NA,NA,NA,NA,NA,NA,NA,NA,NA,NA,NA,NA,NA,NA,57.9,NA,NA,NA,NA,NA,NA,NA,NA,NA,NA,NA,NA,NA,NA,NA,NA,NA,NA,NA,NA,58.4,NA,NA,NA,NA,NA,NA,NA,NA,NA,NA,NA,NA,NA,NA,NA,NA,NA,NA,NA,NA,NA,NA,NA,NA,NA,NA,NA,NA,NA,NA,NA,NA,NA,NA,NA,NA,NA,NA,NA,NA,NA,NA,NA,NA,NA,NA,NA,NA,NA,NA,NA,NA,NA,NA,49.1,NA,NA,NA,NA,NA,NA,NA,NA,NA,NA,NA,NA,NA,NA,NA,NA,NA,NA,NA,NA,NA,NA,NA,NA,NA,NA,NA,NA,NA,NA,NA,NA,61.1,NA,NA,NA,NA,NA,NA,NA,NA,NA,NA,NA,NA,NA,NA,NA,NA,NA,NA,NA,NA,NA,NA,NA,NA,NA,NA,NA,NA,NA,NA,NA,NA,NA,NA,NA,NA,NA,NA,NA,NA,NA,NA,NA,NA,NA,NA,NA,NA,NA,NA,NA,NA,NA,NA,NA,NA,NA,NA,NA,NA,NA,NA,NA,NA,NA,NA,NA,NA,NA,NA,NA,NA,NA,NA,NA,NA,NA,NA,NA,NA,NA,NA,NA,NA,NA,NA,NA,NA,NA,NA,NA,NA,NA,NA,NA,NA,NA,NA,NA,NA,NA,NA,NA,NA,NA,NA,NA,NA,NA,NA,NA,NA,NA,NA,2007,NA,NA,NA,NA,NA,NA,NA,NA,NA,NA,NA,NA,NA,NA,NA,NA,NA,NA,NA,NA,NA,NA,NA,NA,NA,NA,NA,NA,NA,NA,NA,NA,NA,NA,NA,NA,NA,NA,NA,NA,NA,NA,NA,NA,NA,NA,NA,NA,NA,NA,NA,NA,NA,NA,NA,NA,NA,NA,NA,NA,NA,NA,NA,NA,NA,NA,NA,NA,NA,NA,NA,NA,NA,NA,NA,NA,NA,NA,NA,NA,NA,NA,NA,NA,NA,NA,NA,NA,NA,NA,NA,NA,NA,NA,NA,NA,NA,NA,NA,NA,NA,NA,NA,NA,NA,NA,NA,NA,NA,NA,NA,NA,NA,NA,NA,NA,NA,NA,NA,NA,NA,NA,NA,NA,NA,NA,NA,NA,NA,NA,NA,NA,NA,NA,NA,NA,NA,NA,NA,NA,NA,NA,NA,NA,NA,NA,NA,NA,NA,NA,NA,NA,NA,NA,NA,NA,NA,NA,NA,NA,NA
2004,NA,NA,NA,NA,NA,25.2357267758,NA,NA,NA,NA,NA,NA,NA,NA,NA,NA,NA,NA,NA,NA,NA,NA,NA,NA,NA,NA,NA,NA,NA,NA,NA,NA,NA,NA,NA,NA,NA,NA,NA,NA,NA,NA,383012.656102,193525293,NA,1010005550204.4,48.4,228078708,471237,70.7968615464,5003515823640.69,1354176.413743,34.6,65.9,54.9,10.5,21484.914313,802121,471237,1000652,351077,958714.400732,1000652,1354176.413743,228078708,AA+,NA,NA,NA,1000652,5222387514086.49,674384,5222387514086.49,3519599802228.65,169294,NA,156974,326268,1702787711857.84,383013,34263.590037,178821153404987,99811.238473,6.1197157071,520913330075695,21484.914313,112129439854644,351077,24.126695723,NA,NA,NA,NA,NA,NA,NA,NA,NA,NA,NA,NA,NA,NA,NA,NA,NA,NA,NA,NA,NA,NA,NA,NA,NA,NA,NA,NA,NA,NA,NA,NA,NA,NA,NA,NA,NA,NA,NA,NA,NA,NA,NA,NA,NA,NA,NA,NA,NA,NA,NA,NA,NA,NA,NA,NA,20.78,20.19,122099.0,10746.0,2210.0,1238.0,3141.0,NA,2071392.0,NA,NA,NA,NA,NA,NA,NA,541.0,316.0,80.2110172283,8880.0,-18.8151398793,12479.0,9765.0,78.2514624569,9907.0,1968.0,7939.0,56.0,82.2,NA,NA,NA,7067426033228.2,74.1,16,NA,NA,1517739.74851,958714.400732,802121,741361000000,1165984598340,532941,NA,NA,NA,NA,NA,NA,NA,NA,NA,NA,NA,NA,NA,NA,NA,NA,NA,NA,NA,NA,NA,NA,NA,NA,NA,NA,NA,NA,NA,NA,NA,NA,NA,NA,NA,NA,NA,NA,NA,NA,NA,19.8583532337,47.2853453841,91.2143966857,82.9699858041,71.6217559909,94.4998271626,103.7978637017,107.663171929,110.7916421424,109.8422604563,109.2392367223,102.2657251138,101.4359440597,96.3784339031,41.4969609625,96.1198632747,66.5959535402,32.5704685458,102.2385289601,NA,104.2027114267,126.455737222,95.7699736495,62.1190822832,70.0481568999,34,4.1048094053,NA,3.6235396772,5.2841294564,3.3362076655,4.1529542532,4.8149649421,1.8216682646,2.8467249252,NA,NA,NA,NA,NA,NA,NA,NA,NA,NA,NA,NA,NA,NA,NA,NA,NA,NA,NA,NA,NA,NA,NA,NA,NA,NA,NA,NA,NA,NA,NA,NA,NA,NA,NA,NA,NA,NA,NA,NA,NA,NA,NA,NA,NA,NA,NA,NA,NA,NA,NA,NA,NA,NA,NA,NA,NA,NA,NA,NA,NA,NA,NA,NA,NA,NA,NA,NA,NA,NA,NA,NA,NA,NA,NA,NA,NA,NA,NA,NA,NA,NA,NA,NA,NA,NA,NA,NA,NA,NA,NA,NA,NA,NA,NA,NA,NA,NA,NA,NA,NA,NA,NA,NA,NA,NA,NA,NA,NA,NA,NA,NA,NA,NA,NA,NA,NA,NA,NA,NA,NA,NA,NA,NA,NA,NA,NA,NA,NA,NA,NA,NA,NA,NA,NA,NA,NA,NA,NA,NA,NA,NA,NA,NA,NA,NA,NA,NA,NA,NA,NA,NA,NA,NA,NA,NA,NA,NA,NA,27.3,NA,NA,NA,NA,24.199352285,3.8910279655,0.7509591054,NA,NA,NA,NA,NA,NA,NA,NA,5.6,2639.0,868,4.7,NA,NA,NA,NA,44.7,19,NA,10,NA,5.3,NA,13.81,NA,NA,NA,NA,NA,NA,NA,NA,NA,NA,NA,NA,NA,61.8,52.4,NA,2492430,1540100,1307033,233066,948.36,421807,NA,155091,NA,15.1,NA,27.4,10.1,NA,NA,63.6,53.8,15.3,NA,90.8171861837,9.1828138163,1078,109,NA,NA,197.0655481917,NA,NA,57.304459996,101,15.6697556866,68,5.7287278854,8.5088458298,93,NA,7.8348778433,594,50.0421229992,933,78.601516428,1595,186,4082,17,1187,111.0364431262,164,NA,600,NA,2487,NA,NA,NA,78,7,9,17,1,27,3.7655837234,106,NA,105,154,48,7.434614018,2639,1104,726,12479,14080,NA,0.8207041448,NA,NA,NA,5081,3354,324,1113,100,35.35,100,NA,NA,36632,NA,NA,NA,NA,NA,NA,NA,100,NA,97.3,NA,NA,30344,20989,3211,544002,53565,192673,170348,60896,45531,416586,544002,8.8,NA,NA,NA,NA,NA,NA,NA,NA,NA,NA,NA,NA,NA,NA,NA,NA,NA,NA,NA,NA,NA,NA,566489,NA,NA,NA,NA,NA,NA,NA,NA,NA,NA,NA,NA,NA,NA,NA,NA,NA,NA,NA,NA,NA,546935,NA,NA,NA,NA,NA,NA,NA,NA,NA,NA,NA,NA,NA,NA,NA,NA,NA,NA,NA,NA,NA,NA,NA,NA,NA,NA,NA,NA,NA,NA,NA,625,NA,NA,NA,NA,371818,335414,179542,330294,101412024,16936796,2208660,NA,NA,NA,NA,NA,NA,120557480
2005,NA,3.42,NA,NA,NA,22.3084058167,NA,NA,NA,NA,NA,NA,NA,NA,NA,NA,NA,NA,NA,NA,NA,NA,NA,NA,NA,NA,NA,NA,NA,NA,NA,NA,NA,NA,NA,NA,NA,NA,NA,NA,NA,NA,419904.105221,202524.233944,NA,180527524049977,47.5,242986.25,511550,75.5469884197,1113969015459.83,1654205.754049,28.6,66.4,60,11.4,19664.197415,678494,511550,1249680,380626,1249702.62945,1249680,1654205.754049,242986.25,AAA,NA,NA,NA,1249680,1113948843856.17,897498,1113948843856.17,800018292253397,222182,NA,130000,352182,313930551602773,419904,30710.481544,27374932310.8356,181974.061853,5.1662780301,162209362247103,19664.197415,17528415254.9443,380626,29.8490825186,NA,NA,NA,NA,NA,NA,NA,NA,NA,NA,NA,NA,NA,NA,NA,NA,NA,NA,NA,NA,NA,NA,NA,NA,NA,NA,NA,NA,NA,NA,NA,NA,NA,NA,NA,NA,NA,NA,NA,NA,NA,NA,NA,NA,NA,NA,NA,NA,NA,NA,NA,NA,NA,NA,NA,NA,20.98,22.0,127050.0,11787.0,24668.0,1236.0,2801.0,2214494,2216830.0,2214494.0,1043926.0,1170568.0,NA,2.6763271162,0.46,NA,522.0,294.0,80.7622028857,10417.0,17.3085585586,14672.0,11867.0,80.8819520174,17467.0,5187.0,12280.0,0.05,82.46,NA,NA,NA,1474537951494.07,75.7,12,NA,NA,1882268.543397,1249702.62945,678494,998374000000,1497502663405,676228,NA,NA,1.7,NA,NA,NA,NA,NA,NA,NA,NA,NA,NA,10.4,4.1,5.9,NA,NA,NA,12,5.4,NA,NA,NA,NA,NA,NA,NA,420.5,491,NA,NA,8319,NA,NA,9.4,12.8,6.1,7.6,310.5,13.8,24.6792228783,63.5102435877,94.0758848464,89.9834458169,74.0614846288,99.153102119,102.0954965759,113.2405039894,112.4418150695,113.4726245867,112.6067216813,111.3446668342,104.8733262429,100.8542004843,58.7451681947,101.6491861703,76.2710060274,42.5515310673,105.407399228,NA,104.2776589539,127.2531944136,101.2530013519,67.820430554,78.5368930977,34.1,4.2949369539,NA,3.854094558,5.3835949591,3.4353953251,3.8654939242,4.1040110559,2.4450187494,2.7805832287,NA,NA,NA,NA,NA,NA,NA,NA,NA,NA,NA,NA,NA,NA,NA,NA,NA,NA,NA,NA,NA,NA,NA,NA,NA,NA,NA,NA,59.6,NA,NA,NA,NA,NA,NA,NA,NA,NA,NA,NA,NA,NA,NA,NA,NA,NA,NA,NA,NA,60.0,NA,NA,NA,NA,NA,NA,NA,NA,NA,NA,NA,NA,NA,NA,NA,NA,NA,NA,NA,NA,NA,NA,NA,NA,NA,NA,NA,NA,NA,NA,NA,NA,NA,NA,NA,NA,NA,NA,NA,NA,NA,NA,NA,NA,NA,NA,NA,NA,NA,NA,NA,NA,NA,NA,54.2,NA,NA,NA,NA,NA,NA,NA,NA,NA,NA,NA,NA,NA,NA,NA,NA,NA,NA,NA,NA,NA,NA,NA,NA,NA,NA,NA,NA,NA,NA,NA,NA,63.0,NA,NA,NA,NA,NA,NA,NA,NA,NA,NA,NA,NA,NA,NA,NA,NA,NA,NA,NA,NA,NA,28.9,NA,NA,NA,NA,26.7704588185,3.5681585241,0.5791039974,NA,NA,NA,NA,38.003673113,36.2,NA,NA,4.8,2471.0,979.0,3,10422717.6,23081046.0,23081046.0,10422717.6,217.5,15,NA,21,NA,4.7,NA,(-6.7),NA,NA,NA,NA,NA,NA,113121009,-5,NA,NA,NA,NA,NA,59.6,51.4,NA,2543400,1516977,1308120,208857,1026798,322.03,NA,146045,NA,13.8,NA,21.2,9.6,NA,NA,63.3,54.5,13.9,NA,90.2813299233,9.7186700767,706,76,NA,NA,122.240114446,NA,NA,35.3128073501,46,22.2506393862,56,7.1611253197,5.8823529412,42,NA,5.3708439898,380,48.5933503836,552,70.5882352941,1358,174,2707,6,782,63.7165871752,131,NA,7315,NA,1349,NA,NA,NA,140,2,15,35,5,54,6.3219859706,3595,NA,66,4140,545,186.9501565595,5937,1100,823,14672,16092,NA,0.2709422559,NA,NA,NA,6360,3895,163,3088,100,35.14,100,NA,NA,36906,NA,NA,NA,NA,NA,NA,NA,100,48,98,NA,NA,27771,23343,3455,564212,57261,198998,174395,62957,47258,430654,564212,8.6,NA,NA,NA,NA,NA,NA,NA,NA,NA,NA,NA,NA,NA,NA,NA,45,NA,NA,NA,NA,NA,NA,570169,NA,NA,NA,NA,NA,NA,NA,NA,NA,NA,NA,NA,NA,NA,NA,NA,NA,NA,NA,NA,NA,551323,NA,NA,NA,NA,NA,NA,NA,NA,NA,NA,NA,NA,NA,NA,NA,NA,NA,NA,NA,NA,NA,NA,NA,NA,NA,NA,NA,NA,NA,NA,NA,335,25,67,NA,NA,377732,337365,185185,335.66,99668593,17612868,5234458,NA,NA,NA,NA,NA,NA,122515919
2006,NA,3.73,NA,NA,NA,20.5123292224,NA,NA,NA,NA,NA,NA,NA,NA,NA,NA,NA,NA,NA,NA,NA,NA,NA,NA,NA,NA,NA,NA,NA,NA,NA,NA,NA,NA,NA,NA,NA,NA,NA,NA,NA,NA,456328.543271,201534.741763,NA,32794525948.6285,36.7,257156166,700698,83.9375057624,279023714380.02,2042836.559987,88.8,70.4,0,11.2,16985.253481,724582,700698,1566906,420107,1714706.055255,1566906,2042836.559987,257156166,AAA,NA,NA,NA,202816493366129,3.30030976114634E+016,1246374.28496,254973107993907,202814926460129,254415,NA,66116.71504,320531.71504,52158181533.7782,456329,20797.5,3384251010.2733,180622.429843,4.0430779494,29391592291.1018,16985.253481,2763907260.62374,420107,27.8139315858,NA,NA,NA,NA,NA,NA,NA,NA,NA,NA,NA,NA,NA,NA,NA,NA,NA,NA,NA,NA,NA,NA,NA,NA,NA,NA,NA,NA,NA,NA,NA,NA,NA,NA,NA,NA,NA,NA,NA,NA,NA,NA,NA,NA,NA,NA,NA,NA,NA,NA,NA,NA,NA,NA,NA,NA,21.5,18.6,138998.0,11198.0,21698.0,402.0,3376.0,2239003,2249073,2239003,1055258,1183745,1.1067539582,NA,NA,NA,NA,NA,83.7827253442,16897,62.2060094077,14202,11641,81.9673285453,17300,1694,15606,NA,83.28,NA,NA,NA,332418400863528,77.6,10,NA,NA,2224654.929843,1714706.055255,724582,1462209000000,2099226558135,937572,NA,NA,NA,2.2,NA,NA,NA,NA,NA,NA,NA,NA,NA,10.5,4.2,6,NA,NA,NA,NA,4.1,11.1,NA,NA,NA,NA,NA,NA,442,525.9,NA,NA,8732,NA,NA,2,25.2,3.9,5.3,307.9,13.5,23.6288954668,52.4599154757,97.0829416066,87.9319170719,77.2182434979,98.9971827766,101.1096231108,109.1979580971,114.005087187,111.3280899548,113.316406934,113.6327254016,110.1604873029,102.1371542246,38.0600814664,95.9931736454,72.9586720867,37.0264438758,105.8795372386,NA,108.1725495257,126.7430205838,102.2699646257,68.3928888438,72.52879544,33.6,3.6461437416,NA,3.0797813653,4.6195847403,3.199770139,3.4075422833,4.3714505491,2.1232810382,2.635854181,NA,NA,NA,NA,NA,NA,NA,NA,NA,NA,NA,NA,NA,NA,NA,NA,NA,NA,NA,NA,NA,NA,NA,NA,NA,NA,NA,NA,NA,NA,NA,NA,NA,NA,NA,NA,NA,NA,NA,NA,NA,NA,NA,NA,NA,NA,NA,NA,NA,NA,NA,NA,NA,NA,NA,NA,NA,NA,NA,NA,NA,NA,NA,NA,NA,NA,NA,NA,NA,NA,NA,NA,NA,NA,NA,NA,NA,NA,NA,NA,NA,NA,NA,NA,NA,NA,NA,NA,NA,NA,NA,NA,NA,NA,NA,NA,NA,NA,NA,NA,NA,NA,NA,NA,NA,NA,NA,NA,NA,NA,NA,NA,NA,NA,NA,NA,NA,NA,NA,NA,NA,NA,NA,NA,NA,NA,NA,NA,NA,NA,NA,NA,NA,NA,NA,NA,NA,NA,NA,NA,NA,NA,NA,NA,NA,NA,NA,NA,NA,NA,NA,NA,NA,NA,NA,NA,NA,NA,NA,29,NA,NA,NA,NA,31.0573053514,3.3230765917,0.3645109165,NA,NA,NA,NA,39.7054848048,38,NA,NA,3.8,2711.0,927,6,11176509.8,26247921.0,25024239.0,11723039.8,154.1,11,3364.7,18,3198.3,6.7,NA,8.29,NA,NA,NA,NA,NA,NA,191703943,69,NA,NA,NA,NA,NA,57.8,50,NA,2594800,1499548,1297868,201.68,1095358,354148,NA,146754,NA,13.4,NA,23.6,9.8,NA,NA,62,54,12.9,NA,92.7860696517,7.2139303483,746,58,77.4451843075,9,108.6197740691,22.4653562322,0.4019646244,35.9088397827,40,22.6368159204,52,6.4676616915,4.9751243781,31,503,3.855721393,350,43.5323383085,570,70.8955223881,1270,182,2432,6,804,68.4233116258,127,NA,3271,307,1162,NA,1734,NA,4250,108,757,446,331,2285,189.8166282046,3834,13.7114599668,62,4036,202,180.2588026903,2147,1105,725,14202,16135,NA,0.2679764163,NA,NA,NA,5922,3883,205,859,100,35.55,100,NA,84972,46401,28928,13086,4387,NA,NA,NA,NA,100,59,97.4,NA,NA,n. d.,25483,4052,587991,60741,207139,179882,65303,49443,447762,587991,10.4,600.02,NA,NA,NA,NA,NA,NA,NA,NA,NA,NA,NA,NA,NA,NA,45,NA,NA,NA,NA,NA,NA,580797,NA,NA,NA,NA,NA,NA,NA,NA,NA,NA,NA,NA,NA,NA,NA,NA,NA,NA,NA,NA,NA,556023,NA,NA,NA,NA,NA,NA,NA,NA,NA,NA,NA,NA,NA,NA,NA,NA,NA,NA,NA,NA,NA,155999,NA,NA,NA,NA,NA,NA,NA,NA,NA,396,25,67,NA,NA,389522,347459,188.73,344952,102384333,17994997,5528091,NA,NA,NA,NA,NA,NA,125907421
2007,1.74,3.82,NA,NA,NA,20.1645887903,NA,NA,NA,NA,NA,NA,NA,NA,NA,NA,NA,NA,NA,NA,NA,NA,NA,NA,NA,NA,NA,NA,NA,NA,NA,NA,NA,NA,NA,NA,NA,NA,NA,NA,NA,NA,505600.441072,209635.438282,NA,5095964049.54121,36.81,279751.9509,759989,82.7524417565,44452096862.0759,2209783.772456,85.4,65.5,5.5,9.1,21208.697459,967823,759989,1641576,644051,1828650.029247,1641576,2209783.772456,279751.9509,AAA,NA,NA,NA,1641576,39904571236.3602,1252263.836347,39904571236.3602,30440900369.0518,295848,NA,93464.163653,389312.163653,9463670867.3084,505600,54035.836347,1313540695.54207,306156.135946,3.2930152207,7442256305.1031,21208.697459,515555769.932721,644051,21.6605141934,NA,NA,NA,NA,NA,NA,NA,NA,NA,NA,NA,NA,NA,NA,NA,NA,NA,NA,NA,NA,NA,NA,NA,NA,NA,NA,NA,NA,NA,NA,NA,NA,NA,NA,NA,NA,NA,NA,NA,NA,NA,NA,NA,NA,NA,NA,NA,NA,NA,NA,NA,NA,NA,NA,NA,NA,21.11,18.0,135338.0,14719.0,18651.0,261.0,2416.0,2265244,2281785,2265244,1067419,1197825,1.1719948566,NA,NA,NA,NA,NA,84.2985975465,16102,-4.7049772149,17288,13880,80.286904211,19103,2541,16562,NA,83.7,NA,NA,NA,53716960996.5808,80.7,24,NA,NA,2507367.972293,1828650.029247,967823,1718086000000,2333695379943,1030218,NA,NA,NA,NA,3,NA,NA,NA,NA,NA,NA,NA,NA,10.2,4.2,5.9,NA,NA,NA,NA,1.4,NA,11.6,NA,NA,NA,NA,NA,428,517.3,NA,NA,8666,NA,757983,4.1,27.3,4.6,6.3,313,13.6,37.4817426341,99.5949433247,94.5521284462,84.4298415153,69.2986022872,103.5892366407,111.0064611527,115.4816368026,118.7192118227,113.097091231,115.6830584797,116.4830360266,113.0877431796,102.8406605424,91.1356815669,109.8401801203,88.5155880165,53.2150529669,108.0288495237,NA,106.7243914393,126.8433151093,106.8415534277,71.9773259459,90.1471836096,33.5,3.3862891423,9.2866272692,2.8337881708,4.1841878444,3.3702263436,2.9338161521,3.7487642313,2.380952381,2.9483557849,NA,NA,NA,NA,NA,NA,NA,NA,NA,NA,NA,NA,NA,NA,NA,NA,NA,NA,NA,NA,NA,NA,NA,NA,NA,NA,NA,NA,NA,NA,NA,NA,NA,NA,NA,NA,NA,NA,NA,NA,NA,NA,NA,NA,NA,NA,NA,NA,NA,NA,NA,NA,NA,NA,NA,NA,NA,NA,NA,NA,NA,NA,NA,NA,NA,NA,NA,NA,NA,NA,NA,NA,NA,NA,NA,NA,NA,NA,NA,NA,NA,NA,NA,NA,NA,NA,NA,NA,NA,NA,NA,NA,NA,NA,NA,NA,NA,NA,NA,NA,NA,NA,NA,NA,NA,NA,NA,NA,NA,NA,NA,NA,NA,NA,NA,NA,NA,NA,NA,NA,NA,NA,NA,NA,NA,NA,NA,NA,NA,NA,NA,NA,NA,NA,NA,NA,NA,NA,NA,NA,NA,NA,NA,NA,NA,NA,NA,NA,NA,NA,NA,NA,NA,NA,NA,NA,NA,NA,NA,32.1,NA,NA,NA,NA,39.7297070427,2.9330395265,0.260552371,NA,NA,NA,NA,40.5392822596,38.6,NA,NA,6.7,2889.0,1075,6,11946100.0,29961928.0,27060831.0,13226799.5,NA,18.3,3982.1,30,4140.3,7,NA,7.15,NA,NA,NA,0.53,0.45,25 de 42,164394554,-14,NA,NA,NA,NA,NA,59.4,52.3,44.6,2647020,1572799,1383273,189525,1074403,431453,55.4,140604,NA,12.1,NA,27.4,8.9,802153,646.9,61.8,54.8,11.4,1449053,91.3099870298,8.6900129702,704,67,60.0376824748,2,87.4519477813,15.0977113282,0.0882907095,34.0360685207,46,20.1037613489,48,6.2256809339,5.9662775616,37,342,4.7989623865,359,46.5629053178,568,73.6705577173,1068,155,1981,6,771,61.5827698915,119,NA,4055,136,913,NA,1360,NA,15474,607,3178,1181,1201,5765,683.1052195702,2853,6.0037682475,50,3199,346,141.2209898801,3082,1624,1094,17288,17373,585,0.2648721286,24,11,107,5811,2842,182,1368,100,36.81,100,NA,85141,46621,29589,12904,4128,NA,NA,NA,NA,100,75,98,NA,NA,n. d.,27258,4425,620839,67707,220072,185919,68704,51179,473698,620839,9.8,625733,NA,NA,NA,NA,NA,NA,NA,NA,NA,NA,NA,NA,NA,NA,48,NA,NA,NA,NA,NA,NA,606933,NA,NA,NA,NA,NA,NA,NA,NA,NA,NA,NA,NA,NA,NA,NA,NA,NA,NA,NA,NA,NA,579528,NA,NA,NA,NA,NA,NA,NA,NA,NA,NA,NA,NA,NA,NA,NA,NA,NA,NA,NA,NA,NA,205656,NA,NA,NA,NA,NA,NA,NA,NA,NA,323,25,51,NA,NA,433207,386482,207098,383316,114055076,19928420,5926799,NA,NA,NA,NA,NA,NA,139910295
2008,1.75,3.79,NA,NA,NA,18.6289671845,NA,NA,NA,NA,NA,NA,NA,NA,NA,NA,NA,NA,NA,NA,NA,NA,NA,NA,NA,NA,NA,NA,NA,NA,NA,NA,NA,NA,NA,NA,NA,NA,NA,NA,NA,NA,552479.131291,211633.951168,NA,593047671.657745,37.9500743477,308051,811727,85.0163183497,6317956013.23543,2651978.74612,84.6,61.6,6.3,9.1,25977.920108,1039665,811727,1825500,662222,2254614.693367,1825500,2651978.74612,308051,AAA,NA,NA,NA,1825500,5115476598.3262,1154673,5115476598.3262,3235662947.25779,333327,187500,150000,670827,1879813651.0684,552479.131291,1800,5044019.65323865,585920,3.9228416012,1641884441.79199,25977.920108,72796188.6527864,662222,20.3559753544,1162.4713772923,60457.9867939099,26231.6095788343,25179.3117368083,1843.8994305021,29738.745175329,57330.3966769564,17103.4145289769,331341.523691561,25899.3729193466,47022.1287072388,35233.5428966711,7375.2093275305,116103.02223034,178995.704424468,17425.887167928,162810.00672989,21667.2590559091,1162921.49244949,0.0999612944502182.,2.22709555954582.,4.04344824758504.,3.02974389289665.,0.634196665502833.,9.98373690607346.,15.3918992457044.,1.49845774466025.,14.0000858000275.,1.86317470238432.,983.5749492227,5.19880208478783.,51153.9143694318,22194.7435124192,21304.3871417112,1560.1358658414,25162.1548256115,48507.6390713361,14471.3155140706,280350.319763915,21913.6358121619,39785.7433387246,2.2556646987048.,29811.3405994122,6240.214840153,98235.5578171738,151449.484545981,14744.1618100549,137754.655495514,18332.815449917,983955.794722652,2.16517726263468.,0.158557515917794.,2.55724443725686.,4.92985958632512.,1.47072821682499.,28.4921661387174.,22.7,19.9,146127.0,15344.0,17746.0,259.0,9930.0,2291378,NA,2291378.0,1079381.0,1211997.0,1.1536947013,NA,NA,NA,542.0,0.25,84.8658793955,26461.0,64.3336231524,21121.0,13886.0,65.7449931348,23985.0,2758.0,21227.0,61.0,82.77,NA,NA,NA,7431462730.77804,80.8,19,NA,NA,2965699.202857,2254614.693367,1039665,1795217758341,2264657328450,988339,NA,NA,NA,NA,NA,3.2,NA,NA,NA,NA,NA,NA,NA,10.7,4.1,6.4,NA,NA,NA,NA,1.4,NA,NA,11.3,NA,NA,NA,NA,433.9,532.7,NA,NA,8362,NA,697540,2.7,19.2,5.4,7.3,314.5,13.9,46.8245806288,99.3962314225,99.8815452955,88.6771682437,70.9332852878,105.3049811291,108.4735243197,113.8832739757,116.3593231061,118.7994907307,113.8569604087,115.6483790524,116.3064492858,110.6054268106,90.2338674751,109.6196282305,92.5594787089,53.9820579685,110.0953635289,NA,108.1588639305,126.3221988062,112.201264981,73.5876256526,91.5304265045,33.7,3.5479569341,9.3799538353,3.0122456472,4.4138917059,3.1259921362,1.5251006143,2.0650553908,1.1885430762,2.8323557007,NA,NA,NA,NA,NA,NA,NA,NA,NA,NA,NA,NA,NA,NA,NA,NA,296,NA,NA,NA,NA,NA,NA,NA,NA,NA,NA,NA,274,NA,NA,NA,NA,NA,327,NA,288,NA,NA,NA,NA,NA,NA,NA,NA,NA,NA,NA,NA,274,NA,NA,NA,NA,NA,NA,NA,NA,NA,NA,NA,NA,NA,NA,NA,NA,NA,NA,NA,NA,319,NA,NA,NA,NA,NA,NA,NA,NA,NA,NA,NA,NA,NA,NA,NA,NA,NA,NA,NA,NA,284,NA,NA,NA,NA,NA,NA,NA,NA,NA,NA,NA,NA,254,NA,NA,NA,NA,NA,NA,NA,NA,NA,NA,304,NA,NA,NA,NA,NA,NA,NA,NA,NA,NA,265,NA,NA,NA,NA,NA,NA,NA,NA,NA,NA,283,NA,NA,NA,NA,NA,NA,NA,NA,NA,NA,331,NA,NA,NA,NA,NA,NA,NA,NA,NA,NA,31.7,NA,NA,NA,NA,49.5047660972,1.5827237106,0.2089055669,NA,NA,NA,NA,42.3923358703,40.3,NA,NA,7.7,2837.0,1220.0,4,12280199.8,33181621.0,28138580.0,14481076.8,NA,1.4,4038.7,13.4,4693.4,4,NA,(-1.8),NA,NA,NA,0.59,0.5,22 de 42,193419035,18,NA,NA,NA,NA,NA,60.8,52.5,45.8,2698750,1641057,1418179,222878,1057842,435477,54.2,165178,NA,13.6,NA,26.5,10.1,776433,657.17,62.6,55.3,11.5,1433603,90.5263157895,9.4736842105,946,99,90.5132195561,9,81.5666380667,22.0827816275,0.3927767483,45.6057446654,54,19.1387559809,61,5.8373205742,5.1674641148,49,506,4.6889952153,485,46.4114832536,784,75.023923445,1054,200,1869,5,1045,74.2784472924,128,NA,4588,330,815,NA,2074,NA,16006,663,3378,1420,1259,5754,698.5316259474,1796,14.4018141049,42,2176,380,94.9646893703,3437,1937,1167,21121,17970,860,0.2182093046,13,25,154,2467,741,200,1798,100,37.87,100,NA,83418,46865,30243,12692,3.93,NA,NA,NA,NA,100,85,98,NA,NA,n. d.,27981,5083,662027,78045,238309,192836,71722,53134,509.19,662027,9.2,654.8,33615,3331,38578,41909,117,6503,6.62,NA,NA,NA,NA,NA,NA,NA,53,NA,NA,NA,NA,NA,NA,623005,NA,NA,NA,NA,NA,NA,NA,NA,NA,NA,NA,NA,NA,NA,NA,NA,NA,NA,NA,NA,NA,598633,NA,NA,NA,NA,NA,NA,NA,NA,NA,NA,NA,NA,NA,NA,NA,NA,NA,NA,NA,NA,NA,263153,NA,4129,29486,NA,NA,NA,NA,NA,NA,329,25,73.6,NA,4,477654,424929,228.63,424375,125336225,21558681,6128661,1873384,NA,NA,NA,NA,NA,154896951
2009,1.77,3.85,NA,NA,NA,20.6356348884,NA,NA,NA,NA,NA,NA,NA,NA,NA,NA,NA,NA,NA,NA,NA,NA,NA,NA,NA,NA,NA,NA,NA,NA,NA,NA,NA,NA,NA,NA,NA,NA,NA,NA,NA,NA,682841,209658,NA,195718912.005829,38.9600295007,323295,829812,85.398664955,2410775712.85906,3024018,67.3,62.3,25.2,7.5,17204,1018096,829812,1061453,618582,2582471,1061453,3024018,323295,AAA,AAA,NA,Baa3,2061453,1924397534.60947,1474434,990882419.489469,1376406425.24684,399519,187500,0,587019,547991109.362627,682841,39500,36873847.04724,525244.382437,2.7811995823,490323570.136809,17204,16060194.0405245,618582,20.5931464223,1027.8577600883,69421.0605481009,33824.9508607751,84004.5232201896,1457.5806032343,45218.9543200073,81141.0504571199,17124.0285415785,333910.504413815,39472.0089288376,64384.5556236338,39870.4212005143,11849.741277194,47559.5105389933,212371.495627764,20581.8186519136,147150.505737835,40888.3652796617,1291258.93359126,0.0796012119141415.,3.05686240784083.,4.9861847185496.,3.08771696855769.,0.917689006358892.,3.68318927379813.,16.4468558631471.,1.59393426961015.,11.3958944956593.,3.16655042733704.,887.0867237207,5.3762308040748.,59913.4467336631,29192.4291514049,72499.6202536016,1257.9565501075,39025.9582555141,70028.3165669545,14778.7942706625,288179.538918827,34066.0901138203,55566.7201476178,2.61953276611229.,34409.9375317175,10226.8510047744,41045.9618285825,183285.996937863,17763.0201231069,126997.397011051,35288.4683101631,1114413.59043315,6.50562958635692.,0.112880582299664.,3.50192770355083.,6.28387137128646.,1.32614986011776.,25.8592986834284.,19.7,15.88,128998.0,14623.0,20190.0,354.0,27988.0,2317336,NA,2317336.0,1091252.0,1226084.0,1.1328554259,NA,NA,NA,534.0,239.0,85.0417102949,27275.0,3.0762253883,16154.0,9916.0,61.3841772935,27005.0,5894.0,21111.0,62.0,81.89,NA,NA,NA,2822966511.39495,75.9,16,NA,NA,3309038,2582471,1018096,2056318858345,2543126421885,1097435,NA,NA,NA,NA,NA,NA,2.4,NA,NA,NA,NA,NA,37.6,11.1,4.5,6.5,NA,NA,NA,NA,0,NA,NA,NA,10.4,NA,NA,NA,451.9,559.3,NA,NA,7840,NA,683650,3.4,24.6,4.4,6,277.3,12.7,46.1089494163,104.3810357011,106.3131173776,92.5879329729,74.2008293528,107.3678971091,107.4223932077,112.3578988632,117.3770807274,117.577189666,118.4778914192,115.7944009905,116.2132018432,113.4107137777,91.3816689466,109.8650535133,95.1605003918,57.28257427,112.2483129149,NA,109.0860142684,126.7768912814,115.4977955131,77.482109727,93.2889968115,33.6,3.5108788621,9.3542843164,2.8129248144,4.6854071998,2.7815560392,1.9362300462,2.4707092389,1.4065150637,2.9878812486,NA,NA,NA,NA,NA,NA,NA,NA,NA,NA,NA,NA,NA,NA,NA,NA,306.0,26.0,74.0,23.0,59.0,17.0,1.0,82.0,18.0,7.0,35.0,NA,285.0,38.0,20.0,42.0,58.0,NA,372.0,NA,300.0,NA,16.0,NA,40.0,NA,31.0,NA,13.0,NA,56.0,NA,44.0,289.0,NA,28.0,NA,28.0,NA,38.0,NA,65.0,NA,34.0,NA,34.0,NA,21.0,NA,12.0,NA,68.0,NA,33.0,350.0,NA,17.0,NA,19.0,NA,26.0,NA,52.0,NA,13.0,NA,41.0,NA,40.0,NA,6.0,NA,54.0,NA,46.0,299.0,NA,26.0,NA,27.0,36.0,65.0,20.0,55.0,21.0,4.0,75.0,25.0,275.0,7.0,9.0,15.0,42.0,429.0,411.0,488.0,389.0,376.0,433.0,342.0,408.0,393.0,456.6,43.0,67.0,51.0,18.0,47.0,26.0,7.0,287.0,65.0,33.0,7.0,24.0,36.0,32.0,31.0,68.0,38.0,36.0,293.0,19.0,7.0,74.0,26.0,16.0,26.0,29.0,29.0,42.0,58.0,369.0,15.0,45.0,37.0,2.0,60.0,39.0,5.0,21.0,53.0,21.0,32.9,NA,NA,NA,NA,49.6147552161,1.9406468293,0.2194392948,NA,NA,NA,NA,46.2418487855,43.9,NA,NA,2.5,3425.0,1101,1,12569587.3,35814227.0,29127957.0,15454913.5,NA,2.2,4125.6,-21.2,3697.3,2,NA,20.7,NA,NA,NA,1.07,0.93,NA,276456432,43,NA,NA,NA,NA,NA,63.6,53.7,49.5,2749550,1749467,1475529,273939,1009143,495923,50.5,235.34,NA,15.7,NA,28.3,13.5,776641,761938,64.6,56.2,13,1538580,94.3758573388,5.6241426612,2064,123,73.8779356986,8,123.9785684942,16.5707519324,0.3452239986,94.3756106149,145,9.0992226795,59,2.6977594879,6.630086877,139,384,6.3557384545,1229,56.1957018747,1929,88.2030178326,1660,199,2873,6,2186,119.3180445132,132,NA,5223,197,1213,NA,1712,NA,14656,555,2974,1056,1330,6199,632.4503654196,1716,8.5011409653,115,2345,629,101.1937845871,6931,3751,2076,16154,11979,2656,0.2589179989,41,218,151,2624,768,140,5531,100,36.39,100,NA,83207,48078,32057,12352,3669,NA,NA,NA,NA,100,86,98,NA,NA,n. d.,29133,4192,676011,81804,242202,195096,73167,54609,519102,676011,9.3,669929,34897,3801,43049,46.85,178,10.91,11088,NA,NA,NA,NA,NA,NA,NA,59,NA,NA,NA,NA,NA,NA,636928,NA,NA,NA,NA,NA,NA,NA,NA,NA,NA,NA,NA,NA,NA,NA,NA,NA,NA,NA,NA,NA,613626,NA,NA,NA,NA,NA,NA,NA,NA,NA,NA,NA,NA,NA,NA,NA,NA,NA,8846,39436,NA,NA,303.01,NA,4606,30291,NA,NA,NA,NA,NA,NA,307,25,85.1,132,98,459818,408535,223547,407.2,119565053,20810193,5836729,2415877,NA,NA,NA,NA,NA,148627852
2010,1.79,3.83,NA,NA,NA,18.7710280489,NA,NA,NA,NA,NA,NA,NA,NA,NA,NA,NA,NA,NA,NA,NA,NA,NA,NA,NA,NA,NA,NA,NA,NA,NA,NA,NA,NA,NA,NA,NA,NA,NA,NA,NA,NA,684396,208146,NA,46596507.710256,37.5599861808,326677.228608,869748,86.9693727482,663638581.71324,3408631,67.7409,64.7,25.9395,6.3201,15351,1023984,869748,2358206,614354,2964465,2358206,3408631,NA,NA,AAA,NA,Baa3,2358206,527918691.982416,1511362,527918691.982416,338340352.858032,509344,187500,150000,846844,189578339.124384,684396,5000,1119322.68,598421.048248,2.4987222351,133965250.298672,15351,3436544.492136,614354,20.3270754231,1277.2887813016,54528.859353486,40092.5074713156,120179.413708278,1953.4091349109,53577.7489449512,37424.4309630515,25992.3955206412,315294.584666168,78653.523571459,76694.1146971068,62334.5798032619,14376.3736608477,59525.1046262464,191812.604148763,22752.2246595873,223033.326099187,41446.5245653977,1420949.01437596,0.0898898390004885.,5.53528119416736.,5.39738681129165.,4.38682733670338.,1.01174451126675.,4.18910911116597.,13.4989082794784.,1.60119922878299.,15.6960822550791.,2.91681996652074.,1137.3014392785,3.8374958426945.,48552.6461461113,35698.4787770123,107008.080070028,1739.3208592735,47705.7748258786,33322.8161254844,23143.7003664883,280739.164225759,70033.3134304916,68288.6503867397,2.82153033400168.,55502.8810750437,12800.7625960874,53001.316660471,170790.46959752,20258.6433318296,198589.486178053,36904.099316745,1265216.9054083,8.45768655260705.,0.137472148201517.,3.77056097037239.,2.63376311073956.,1.82922787923227.,22.1890146286942.,16.65,12.11,110825.0,12913.0,18286.0,38766.0,38766.0,2343049,NA,2343049.0,1103159.0,1239890.0,1.1095930845,NA,NA,NA,538.0,0.22,85.558584509,30099.0,10.3538038497,14172.0,8201.0,57.8676263054,26237.0,8572.0,17665.0,56.0,83.3,69.75,28.2319567496,46.65,763071597.210216,89.4328920338,7,NA,2,3646023,2964465,1023984,2365796887485,2835841658760,1210321,NA,NA,NA,NA,NA,NA,NA,2.4,NA,NA,NA,NA,24.5,10.9,4.3,6.4,NA,NA,NA,NA,0,NA,NA,NA,NA,9.5,NA,NA,428.2,549.5,NA,NA,6960,NA,639363,0,12.3,6.2,8.6,231.9,11.9,64.5203478497,103.4862322792,107.6681741097,98.3263598326,78.2657778733,105.853592632,108.161407767,105.6890306716,109.6835298344,113.7387964149,113.7407210198,114.4826318691,110.9932151717,110.8703870649,90.4181942459,106.3749696947,93.8820767962,59.5395207788,111.1682412142,NA,108.4702433704,122.8548354533,114.4146133239,81.8401904114,91.9247536106,33.1,3.7769016573,9.4674690336,2.8114296696,5.0123436471,3.8758161343,1.7789018222,2.5867412503,1.6307217416,2.9717768652,NA,NA,NA,NA,NA,NA,NA,NA,NA,NA,NA,NA,NA,NA,NA,NA,NA,NA,NA,NA,NA,NA,NA,NA,NA,NA,NA,NA,NA,NA,NA,NA,NA,NA,NA,NA,NA,NA,NA,NA,NA,NA,NA,NA,NA,NA,NA,NA,NA,NA,NA,NA,NA,NA,NA,NA,NA,NA,NA,NA,NA,NA,NA,NA,NA,NA,NA,NA,NA,NA,NA,NA,NA,NA,NA,NA,NA,NA,NA,NA,NA,NA,NA,NA,NA,NA,NA,NA,NA,NA,NA,NA,NA,NA,NA,NA,NA,NA,NA,NA,NA,NA,NA,NA,NA,NA,NA,NA,NA,NA,NA,NA,NA,NA,NA,NA,NA,NA,NA,NA,NA,NA,NA,NA,NA,NA,NA,NA,NA,NA,NA,NA,NA,NA,NA,NA,NA,NA,NA,NA,NA,NA,NA,NA,NA,NA,NA,NA,NA,NA,NA,NA,NA,NA,NA,NA,NA,NA,NA,36.79,NA,NA,NA,NA,67.3913043478,1.9361607683,0.2031196106,NA,NA,NA,NA,49.1390658125,42.5,NA,NA,3.6,4905.0,861,5,13137815.0,39115464.0,30782544.0,16694257.8,NA,14.3,4714.1,31,4844.4,4,NA,43.2,NA,NA,118.21,NA,NA,15/37,328389184,19,NA,NA,NA,NA,NA,64,55.1,47,2799510,1792038,1543045,248993,1007676,516.71,53,233505,NA,13.9,NA,28.8,13,842755,748375,65.7,57.6,12.4,1591129,93.227879387,6.7226890756,1886,136,59.0683336115,3,83.3956097376,10.029666473,0.1280382954,86.3404905318,181,10.1828966881,59,2.9164607019,8.9471082551,169,235,8.3539298072,1106,54.6712802768,1757,86.8512110727,1142,206,1954,8,2022,110.9665226805,140,1287,5350,109,812,NA,1384,NA,15100,475,2792,1300,1315,6133,644.4594201828,2750,4.6520580662,153,3323,573,141.823751872,8892,3616,2013,14172,7454,5962,0.3414354544,59,374,213,2369,777,141,9344,100,35.54,100,NA,80415,50033,27139,16849,6045,NA,NA,50149,NA,100,85,98,30/48,NA,n. d.,30411,4042,694097,83212,246758,200.66,76451,56605,530.63,694097,9.4,693471,32.36,3531,44813,48344,316,16.57,16886,19439,12921,22661,NA,25683,9.16,7726,63,NA,NA,NA,NA,NA,NA,653573,NA,13,14,14,15,16,21,13,14,14,NA,15,16,21,132,149,173,197,224,315,15,630686,15,13,13,18,28,19.72,1.05,NA,NA,NA,NA,NA,NA,NA,NA,NA,NA,26079,122518,193932,174032,321168,12,3866,28494,NA,NA,NA,NA,NA,NA,297,25,98.1,45,44,479099,429.49,290656,436299,127265889,22373509,6141320,2630454,83804,NA,NA,NA,NA,159249212
2011,1.79,3.79,NA,NA,NA,18.1768502674,NA,NA,NA,NA,NA,NA,NA,NA,NA,NA,NA,NA,NA,NA,NA,NA,NA,NA,NA,NA,NA,NA,NA,NA,NA,NA,NA,NA,NA,NA,NA,NA,NA,NA,NA,NA,717794.935946,505816,NA,23838792.450816,39.68,397117.5903872,1000800379,86.535338077,145780445.988803,3574490.030642,NA,70.8,NA,NA,20319,823658,1000800379,2793909,1024276,3093197.032543,2793909,3574490.030642,NA,NA,NA,BBB-,Baa3,2503330,117980380.82208,1705830.242265,131675187.770784,80394714.8798783,NA,187500,610000,797500,37585677.36,717794.935946,290578.733862,13694794.4057861,437247.228457,1.9837426631,20607189.0349079,20319,957621.790944,1024276,61.4109254084,1627.8438524574,60648.6086696855,33978.8503499903,128756.192221644,906.5623946322,41357.6845240199,43844.8232391079,26145.0897200534,319652.19891362,42670.7713705969,72058.5956122848,63821.7628538201,20620.1417940052,60086.5856838478,156648.557535532,24129.7756995501,284740.066200466,32143.6417521867,1413837.7523875,0.115136538807831.,3.01808119768624.,5.09666653692065.,4.51407969167936.,1.45845177490732.,4.2498925765974.,11.0796700166624.,1.70668633361946.,20.139514998778.,2.2735028611244.,1503.790511434,4.28964416654388.,56026.7510372498,31389.4189965553,118944.04973732,837.475858027,38205.9332461252,40503.5342074972,24152.6469398492,295292.415768055,39418.9534861136,66567.2153907347,2.40330619921638.,58958.0881837551,19048.7395504421,55507.5582215294,144710.817377322,22290.9142576771,263040.837197597,29694.0664160771,1306093.20638336,9.10685770020061.,0.0641206809693204.,2.92520725622021.,3.10112126833992.,1.84922843345378.,22.6088317682728.,12.93,11.76,87988,15051,48417,21402,NA,2368282,NA,2368282,1114923,1253359,1.0769301026,NA,NA,NA,507,192,87.0789218413,NA,NA,15084,9889,65.5595332803,34775,13853,20922,0.04,83.4765628,69.93,27.4843402337,47.02,168463484.662378,84.4,16,NA,4,3948951.14053,3093197.032543,823658,2623302320412,3031660198060,1280109,NA,35,NA,NA,NA,NA,NA,NA,3.5,NA,NA,NA,36.2,10.4,3.9,6.4,NA,36,NA,NA,0,NA,NA,NA,NA,NA,9.3,NA,397.2,519.6,NA,6880,NA,NA,580485,1.4,14.4,5.4,7.3,209.1,11.1,76.2308361329,106.7401960784,106.4558171866,99.5825459058,81.5184429619,104.2657167175,106.0360329793,105.7444668008,102.8424284441,106.2147624911,109.7224425059,111.7422951835,110.7150434967,107.3359073359,92.336778422,102.9229635567,91.6664825412,59.4795886986,109.2863222325,NA,108.4082244009,119.2457771549,113.1202565313,81.4100687328,90.0432235281,32.7,3.739710367,9.6250028595,2.9272372456,5.1109508252,3.0630754747,3.2892290042,7.2743514059,3.7192312482,2.8588395927,NA,NA,NA,NA,NA,NA,NA,NA,NA,NA,NA,NA,NA,NA,NA,NA,NA,NA,NA,NA,NA,NA,NA,NA,NA,NA,NA,NA,NA,NA,NA,NA,NA,NA,NA,NA,NA,NA,NA,NA,NA,NA,NA,NA,NA,NA,NA,NA,NA,NA,NA,NA,NA,NA,NA,NA,NA,NA,NA,NA,NA,NA,NA,NA,NA,NA,NA,NA,NA,NA,NA,NA,NA,NA,NA,NA,NA,NA,NA,NA,NA,NA,NA,NA,NA,NA,NA,NA,NA,NA,NA,NA,NA,NA,NA,NA,NA,NA,NA,NA,NA,NA,NA,NA,NA,NA,NA,NA,NA,NA,NA,NA,NA,NA,NA,NA,NA,NA,NA,NA,NA,NA,NA,NA,NA,NA,NA,NA,NA,NA,NA,NA,NA,NA,NA,NA,NA,NA,NA,NA,NA,NA,NA,NA,NA,NA,NA,NA,NA,NA,NA,NA,NA,NA,NA,NA,NA,NA,NA,36.3,NA,NA,NA,NA,79.6358836336,4.5303440278,0.1239715992,NA,NA,NA,NA,52.1256162366,49,NA,NA,4.1,5870.0,1147,5,14106267.6,45084389.0,33407620.0,19036748.7,NA,NA,NA,NA,NA,7,NA,19.7,2.39,0.75,154.73,NA,NA,NA,646099605,97,25.4,20.4,28.27,88.39,8.47,64.2,56.3,47,2849070,1828522,1605035,223487,1020066,533714,53,217545,5.0,12.2,NA,29.2,11.9,886892,785494,66.7,59.1,11.4,1672387,92.7835051546,7.2164948454,1530,119,60.1279746246,8,293.3349998015,12.160713969,0.3377976103,69.6285324129,182,12.249848393,68,4.1237113402,11.0369921164,175,288,10.6124924196,933,56.5797453002,1379,83.6264402668,4947,202,6947,11,1649,95.1744766882,115,1028,5658,103,2000,NA,1424,NA,16944,596,3376,1352,1371,6908,715.4553385112,4022,4.349144232,197,4331,309,182.8751812495,13363,2585,1937,15084,8033,9891,0.4644717141,53,395,275,1840,712,182,13050,100.0,35.8,100.0,NA,76841,51.18,27181,17499,6.5,NA,NA,51517,NA,100.0,89.7,98.0,28/48,NA,n. d.,31091,4013,708064,84553,250194,205671,78804,57751,540418,708064,9.5,626666.0,19078.0,2.74,29421.0,32161.0,377.0,14268.0,14645.0,11283.0,5155.0,15126.0,80176.0,14295.0,7219.0,7049.0,65.0,66.7,68.4,61.2,60.2,67.1,81.1,612683.0,127.0,115.0,119.0,125.0,131.0,142.0,178.0,11.89,12.58,13.25,NA,13.96,15.1,18.92,122.9658795495,142.9712636213,167.4559606049,191.3991810966,218.5443476016,322.0847116999,NA,601277.0,NA,NA,NA,NA,NA,23.08,1.01,NA,NA,NA,NA,NA,NA,NA,NA,NA,NA,33.28,144954.0,288618.0,260847.0,382691.0,NA,2.64,16438.0,NA,NA,NA,NA,NA,NA,308,25,86,8,7,522484,456737,257592,465219,136168219,23581004,6070635,2895519,943294,146265,NA,NA,NA,169804936
2012,1.78,3.53,0.34,1.12,1.5,19.1453880434,1.68,47714649704,900000000,11850327659,68442833052,313665533074,17795933454,31412462386,26376015771,5907511114,13108611235,4151809107,59496341563,50061732324,17075181960,142654747236,28827479919,839841169406,0.05,5.68,0.11,1.41,8.15,37.35,2.12,3.74,3.14,0.7,1.56,0.49,7.08,5.96,2.03,16.99,3.43,100,729425.717592,511419.476699444,399999848,7006651.39857306,37.48,388337,1036119,83.7101370272,39584857.7688237,3451578.768616,NA,69.54,NA,NA,24774.8519133987,1259529.60763588,1036119,2649266,754459.27564625,2889321.31681,2649266,3451578.768616,NA,NA,AAA,BBB-,Baa3,2597266,35583583.1064,1757425.24988009,36296003.9064,24077428.8934572,458095.144972,331746.024434,50000,839840.75011991,11506154.2129428,729425.717592,52000,712420.8,431237.000823,3.2837891604,5908119.40607543,24774.8519133987,339425.381154328,754459.27564625,40.6040059399,1812.270584085,57819.4204206385,20580.3667324933,113688.578602645,2711.4661977751,32670.2534863585,41366.7265046549,27868.5334715544,343081.07351086,26224.7974285043,60212.9720289078,46328.7592494639,7136.3597571662,110411.28232692,186569.027227562,26838.3413001819,134877.792101497,35673.6087686887,1275871.62969996,0.142041765166543.,2.05544169319539.,4.71935974021681.,3.63114581208761.,0.559332113909019.,8.65379241584712.,14.6228682325539.,2.1035299065701.,10.5714234066962.,2.79601865409281.,1715.0121750381,4.53175845239507.,54716.4484408973,19475.888326464,107587.298595786,2565.9510131796,30916.9519070326,39146.7147455653,26372.9239021467,324669.077158442,24817.4015915514,56981.5462611747,1.61304368350389.,43842.4520405464,6753.375559076,104485.883683777,176556.500993936,25398.018646801,127639.358949875,33759.1273086501,1207399.93129994,8.91065965855676.,0.212518731089956.,2.56062230132364.,3.24223264642878.,2.18427409331989.,26.8899366930466.,15.28,11.8,101220,13650,86533,15640,NA,2393011,NA,2393011,1126595,1266416,1.044174638,2.0640571161,0.42,11.95,0.5,177,87.7850726749,NA,NA,NA,NA,NA,22254,2773,19481,35,83.3844496,69.73,26.8373451131,47.63,47288009.7615467,83.2,17,2,NA,3809929.13770109,2889321.31681,1259529.60763588,2512596201949,2834686532095,1184569,3.26,NA,NA,NA,NA,NA,NA,NA,NA,2.6,NA,NA,36,10.4,3.9,6.5,3.1,37.2,67.3,NA,0,NA,NA,NA,NA,NA,NA,9.3,378.1,507.9,NA,7071,NA,NA,598576,1.4,15.7,4.4,6.3,206.6,10.9,83.2771076126,105.4207836457,104.1780011827,97.5103854143,82.4100658673,105.802448432,110.0698210412,111.088655349,110.2463382157,106.7647733604,109.8698376989,112.4048562622,113.1762679544,110.7167668469,93.8408791747,106.2541475284,92.55109754,59.6047560925,111.5168539326,3864,113.0834752981,123.0402099988,113.54222229,82.3080210856,91.9047000944,31.5,3.6256271993999998,9.66,2.5491181028,5.1631620838,3.3813886541,2.574149421,5.7660979506,3.47570392,3.1729389917,52.3058374359,49.0103486386,3.2653471315,0.0301416658,10512,1902,15357,64567,10384,53906,7792,22945,2398,10753,1962,68214,321.0,30.0,70.0,21.0,58.0,19.0,2.0,79.0,21.0,10.0,39.0,11723,292.0,34.0,17.0,49.0,51.0,52316,358.0,7565,309.0,18296,15.0,2151,40.0,22107,30.0,4549,15.0,0,55.0,0,45.0,298.0,546,23.0,1607,29.0,1820,43.0,11431,75.0,997,37.0,3758,31.0,0,20.0,0,12.0,492,68.0,799,32.0,351.0,2304,26.0,8262,18.0,1133,29.0,2070,58.0,0,11.0,0,35.0,1038,47.0,2406,7.0,4124,46.0,19693,54.0,310.0,2130,36.0,5828,37.0,48.0,75.0,18.0,53.0,23.0,6.0,71.0,29.0,286.0,12.0,13.0,21.0,50.0,423.0,406.0,464.0,393.0,374.0,441.0,333.0,418.0,402.0,456.0,45.5,67.2,48.7,17.0,44.0,29.0,10.0,298.0,61.0,39.0,10.0,28.0,31.0,31.0,38.0,62.0,41.0,33.0,308.0,19.0,7.0,74.0,26.0,25.0,26.0,24.0,25.0,51.0,49.0,357.0,12.0,39.0,45.0,4.0,51.0,49.0,7.0,23.0,53.0,17.0,32.97,21265,132781,106222,41241,85.5486769674,3.6321412759,0.1471253961,4.5398382269,9.28408522,4.706729649,6.3725163456,53.2,50.1,4.15,2.45,2.5,5798.0,972,4,14579335.7,48363457.0,34888511.0,20210294.5,NA,NA,NA,NA,NA,5,795247.0,-1.2,2.56,0.80,174.58,0.96,0.79,NA,414338247,-36,22.4,18.7,27.87,87.10,9.54,65.6,57.5,47.3,2897000,1900000,1665000,236,996645,604,52.7,230,3.8,12.4,0.59,31.8,12.1,906604,813.08,67.9,61.1,11.2,1719685,92.965627498,7.034372502,1163,88,110.5302065055,10,290.0529918166,35.3529507386,0.4178835785,52.2772356667,119,14.548361311,71,5.6754596323,9.5123900879,115,846,9.1926458833,671,53.6370903277,998,79.7761790568,5095,182,6941,10,1251,75.7622927768,139,1124,5301,374,1846,1.59,2645,NA,16356,603,3256,1178,1347,6823,683.4903809468,3747,15.6288458348,209,4061,314,169.702521217,12007,NA,NA,NA,10018,9941,0.4178835785,38,343,212,1496,665,144,NA,100,34.93,100,NA,73939,48777,24887,17003,6887,NA,NA,49289,NA,100,93.2,98.5,25/48,NA,25602,31.85,4708,734966,89141,256931,215.36,82196,59488,561432,734966,8.7,641793,14777,2483,23.79,26273,387,12675,13062,5802,6613,7793,84633,15997,4.53,8145,69.6,71.7,73.4,65.6,63.6,70.4,83.4,614351,131,118,124,129,132,144,183,12,12.68,13.23,NA,13.68,14.87,18.86,117.8315960583,138.0695125248,160.1788754142,183.2433484958,211.4331781125,313.8765015726,15.6,614351,15.6,13.7,13.9,18.1,28.8,24.92,1.05,188893474,146195236,42698238,NA,5094916,23,NA,NA,NA,NA,26694,111.99,76085,254609,433568,NA,2362,12415,3.99,6.35,4.23,NA,2.9,1.52,279,34,60.7,110,109,565708,492702,281143,501.11,138580513,24176255,6330713,3169729,937213,10211732,NA,NA,NA,183406155
2013,1.74,3.5,0.06,1.26,1.48,17.18,1.76,69653100207,3.27e+08,15185773675,74422642565,339356429526,23306076931,19104325051,50141418088,19105411167,25604694803,2211974782,96143883193,87381729081,32138994767,41692654467,121612596500,1018626322241,0.12,6.84,0.03,1.49,7.31,33.32,2.29,1.88,4.92,1.88,2.51,0.22,9.44,8.58,3.16,4.09,11.94,100,777444,843499,1237617438,3930705.34,33.49,370509,1125482,87.9,16814864.4,4102235,NA,71.2,NA,NA,25708,1411780,1125482,3221585,930373,3608340,3221585,4102235,NA,NA,AAA,"*  BBB-
*  BBB",Baa3,2903398,13529834.68,1938841.237779,15012586.1,9035000.16805014,526122.021084,388435.01757,50000,964557.038654,4494835.80012764,777443.68699,318186.982945,1482751.3405237,525394.865445,2.76,2448340.0729737,25708,119799.28,930373,59.75,2009.485758845,64904.2523374391,23327.3591756177,115033.676873486,641.8049835252,42852.5197661878,65369.1849065393,19924.3154313135,401180.644432089,60149.0018277228,82569.0072583538,64810.9147048907,10355.3888215279,50180.4242311646,247767.591899807,29779.5916283495,190002.811453321,76474.5672769694,1547332.54276715,0.1298677371,3.887270523,5.3,4.2,0.7,3.2430277813,16.0125625909,1.9,12.2793779748,4.9,1938.5353645042,4.2,62612.6300766343,22503.7229168606,110972.098083626,619.1443020694,41339.4942756973,63061.1469289401,19220.832945508,387015.863816409,58025.276700485,79653.6824796004,1.5,62522.5879846525,9989.7634782249,48408.667018295,239019.478969522,28728.1416441728,183294.242189197,73774.4233812168,1492699.73255561,7.4,0.0,2.8,4.2,1.3,25.9,14.75,9.6,103575,12085,100112,17303,NA,2417325,NA,2417325,1137937,1279388,1.0160421327,1.97,425,11.57,506,161,NA,NA,NA,NA,NA,NA,6012,875,5137,0.03,83.8852914,69.02,26.1759300501,47.59,19116415.1,84.82,14,1,2,4524424,3608340,1411780,3228272798007,3572870352938,1478026,3.35,102.5,NA,NA,NA,NA,NA,NA,NA,NA,3.4,NA,14.5,10.2,3.9,6.3,3,35.8,64.8,NA,0,NA,NA,NA,NA,NA,NA,NA,364.1,500.9,9.2,NA,6705,NA,601605,1.4,4.8,3.9,5.6,202.5,10.7,79.6026332352,111.0842635448,105.5562240539,94.3772974563,79.6926517389,104.6285995804,107.9359707604,107.8159142098,108.3976350336,107.2832369942,106.2605918394,108.8598703745,110.834691064,111.7251955222,87.0676783374,104.4512513034,92.6131300129,58.7694503526,109.1292670523,3869,104.9720936564,120.6042931714,112.7111028478,79.1707798618,90.5973656069,31.1755875963,3.1146095913,9.71,2.4,4.360583373,2.3915964334,1.8516738747000001,3.6196143969,2.425453637,2.93,46.4594463332,40.1748421564,6.1000485673,0.1845556095,10488,1920,13605,65951,9517,55403,6834,22079,2345,10897,1949,70179,313,36,64,23,57,18,2,80,20,12,40,10428,289,31,17,52,48,53657,352,6771,307,17523,16,2086,38,19945,29,4431,16,30,54,0,45,298,530,29,1255,25,2217,37,9568,65,1681,39,8993,31,4,19,0,11,344,70,562,30,354,2898,25,7505,14,1777,23,5556,50,34,13,0,38,874,41,1817,7,5115,51,17073,48,311,3458,22,14549,28,36,63,19,52,22,6,71,28,283,8,12,15,42,NA,NA,NA,NA,NA,NA,336,NA,NA,NA,NA,NA,NA,19,42,28,11,296,61,39,9,27,31,33,36,64,44,32,298,17,7,76,24,24,26,25,26,50,51,349,15,43,39,3,58,42,9,27,47,17,35.2,21385,136130,109060,39602,87.5960896437,2.434293891,0.2930228875,4.2427469416,9.6320416276,4.3168397475,6.3245612128,57.5,54.2,4.16,2.47,1.8,5607.0,1156,5,14970478.5,51677103.0,36188512.0,21377805.4,NA,NA,NA,NA,NA,5,851475.0,-3.3,2.81,0.93,189.93,1.04,0.89,20/46,424464162,2,20.6,16.3,29.17,86.34,9.92,65.6,58.3,46.7,2943000,1931000,1714000,216,1012369,597,53.3,203,4.2,11.2,0.67,30.9,10.5,956949,838562,67.5,60.3,10.6,1795511,92.5405405405,7.3513513514,856,68,140.8995480542,24,271.9948703629,43.7673875048,0.9928329869,38.2654380358,77,18.4864864865,73,7.8918918919,8.3243243243,68,1058,7.3513513514,476,51.4594594595,680,73.5135135135,4924,171,6575,7,925,61.2660688985,117,1136,5280,411,1651,1.77,3406,NA,16219,589,3064,1089,1464,6993,670.9482589226,2548,17.0022649003,457,2815,267,116.4510357523,8348,NA,NA,NA,7950,6004,0.2895762878,36,400,222,949,NA,132,NA,NA,34.38,NA,559727,70056,52209,25.97,18606,7633,848,17,53075,1,100,103,98.9,13/48,591,33387,32761,4703,753248,89683,261938,222298,84621,61947,573919,753248,9.1,657789,16047,2799,24327,27126,516,14295,14811,6072,7288,7416,88.81,16911,5093,9202,73.2,77.6,78.3,68.5,66.6,73,85.5,641428,128,117,123,126,129,137,175,11.5109061503,12.4302269036,12.8324265147,NA,13.6397850738,14.190670297,18.100023965,122,142,165,189,217,319,13.5865769744,630594,14.099253799,13.1603378564,13.0097502652,16.5067743836,27.2833338955,22.61,1,187403995,142877795,44526200,NA,5145423,24,553599,0.63,553599,0.63,29829,149.66,656827,844862,472698,NA,2687,13.36,3.99,6.53,4.22,0.54,2.83,1.52,307,34,100,66,55,630214,547706,301236,556495,149694681,25411162,6600096,3798984,850903,15173099,1161097,246178,184619,203120819
2014,1.74,NA,0.06,1.19,1.49,13.57,1.82,44812090218,664783150,3627004168,55454156337,278119657273,20762385011,15272755600,39516448297,16793173530,14831125557,1503019914,117546683737,98537685244,8835930082,167069465318,81273922365,969096931872,0.46,4.62,0.07,0.37,5.72,28.7,2.14,1.58,4.08,1.73,1.53,0.16,12.13,10.17,0.91,17.24,8.39,100,817664,1014453,4476646071,1014453,35.07,407872,1181265,88.68,4863792,5484491,NA,79.12,NA,NA,42467,1293091,1181265,4765693,797431,4863792,4765693,5484491,NA,NA,AAA,BBB moneda externa,Baa2,3229581,3229581,2320866,4765693,2320866,496237,412458,0,908715,908715,817664,115500,115500,1860639,5.33,1860639,42467,42467,797431,78.45,2721.5470093068,57429.4388279493,19955.20586222,149752.514723756,594.7447138059,58088.7837278171,66688.1984234305,18349.6202362601,524429.722304038,219335.314115675,74985.1404456064,100694.1170109,6616.9951288813,49892.5891894837,228196.169140187,23705.4617895124,308775.477106233,47661.4222224771,1957872.46197754,0.1390053266,11.2027375825,3.8,5.1,0.3,2.5483063968,11.6553132838,1.2,15.7709699228,2.4,2721.5470093068,2.9,57429.4388279493,19955.20586222,149752.514723756,594.7447138059,58088.7837278171,66688.1984234305,18349.6202362601,524429.722304038,219335.314115675,74985.1404456064,1.0,100694.1170109,6616.9951288813,49892.5891894837,228196.169140187,23705.4617895124,308775.477106233,47661.4222224771,1957872.46197754,7.6,0.0,3.0,3.4,0.9,26.8,16.21,9.32,115983,13016,92392,15563,NA,2441123,NA,2441123.0,1148961.0,1292162.0,0.9844766426,1.88,427.0,12.09,526.0,147.0,NA,7076.0,NA,NA,NA,NA,NA,NA,NA,28.0,84.3549486,69.65,25.9603717125,48.12,5484491,85.5,14,1,2,6023383,4863792,1293091,3117942892712,3328999195162,1363716,3.37,135.6,NA,NA,NA,NA,NA,NA,NA,NA,NA,2.8,14.1,10.2,3.9,6.3,3,36.1,65.4,NA,0,NA,NA,NA,NA,NA,NA,NA,356,505.5,NA,NA,6622,7.1,608032,0,4.8,4.7,6.7,169,8.7,65.4,107.0053132086,107.3705118411,96.1624608033,78.3408660155,103.6701391302,103.6562763269,107.6502365534,107.75447502,107.7614514578,107.4634226533,106.190321533,108.6820617504,109.496875,85.9,104,92,57.4,108.3,1952,102.2,119.7,112.5,77.5,90,30.9598064389,3.34,9.92,2.54,4.76,2.52,1.2149780476,2.8047615911,0.895095719,2.81,51.5,46,5.2,0.42,10255,1922,6086,65736,9026,55546,6065,21575,2061,10587,1952,70278,311,35,65,31,50,18,2,81,20,15,36,9613,279,32,17,51,49,53775,348,6086,298,17209,19,1832,40,9613,27,1832,14,0,59,0,41,293,313,32,1273,26,2199,35,10861,62,1325,46,10686,28,0,16,0,10,271,74,636,26,341,2852,19,9409,15,1552,20,7337,43,0,15,0,37,584,39,1909,9,5051,52,20270,48,305,2877,35,18023,28,38,63,26,46,22,6,72,28,284,15,11,17,44,NA,NA,NA,NA,NA,NA,317,NA,NA,NA,NA,NA,NA,21,43,27,10,273,64,37,12,30,30,28,42,58,51,29,295,14,6,80,20,33,26,21,20,59,41,355,18,42,36,5,60,41,9,26,45,20,36.26,10587,70278,53775,17209,71.3,1.6572639571,0.1011490532,3.9370963584,10.0936841412,4.2680635159,5.9104985016,NA,NA,4.2,2.45,3.4,6.6,1225,7,NA,NA,NA,NA,NA,NA,NA,NA,NA,4.4,933844.0,17,2.8,0.9,197.91,1.05,0.64,NA,401690588,-5,4.2,22.2,18.1,86.5,9.8,66.3,59.6,43.9,2987850,1982379,1779426,202953,1005471,540771,56.1,194953,14.3,10.2,0.63,27.3,9.8,1015089,794141,67.9,61.2,9.9,1809230,92.4012158055,8.358662614,608,55,201.7514070368,4,239.7666975404,55.589169411,0.1638590108,26.9548072752,55,19.3009118541,71,10.7902735562,8.358662614,50,1357,7.5987841945,332,50.4559270517,460,69.9088145897,4668,127,5853,7,660,51,123,1447,4556,522,1185,1.73,4925,64,16273,597,3066,1052,1372,7221,666.6194206519,2486,21.3836009083,310,2691,205,110.2361495099,5685,NA,NA,NA,8320,5395,0.2867532689,24,453,174,841,NA,110,NA,NA,31.83,NA,584.68,67064,23317,10625,9955,2737,147,6,23.47,0,100,105,99,NA,588,5544,33918,4883,775683,94411,267648,229723,86.39,63593,591782,775683,3.9,673582,13474,2415,20874,23289,516,13351,13867,5467,5715,6384,95311,14.49,3971,9.38,75.4,81.5,79.4,71.4,69,76,86.8,658896,129,122,126,125,128,137,174,11.5107210879,12.4424155447,12.5669893067,NA,13.0848339522,13.8375910176,17.4419535863,121.6356495994,139.6101545843,155.3426479716,178.3027504774,202.3021332582,301.1906145928,12.1627258347,649955,13.0292109125,12.0294238519,14.8874687909,15.0097887687,24.7078989509,20.41,1.05,192163091,149487060,42676031,NA,4324845,22,578696,0.65,578696,0.65,34361,181261,1083663,1083663,501925,20,2292,11182,3.98,6.54,4.23,0.54,2.87,1.5,290,34,NA,217,217,734275,629629,327792,643638,156126317,26833094,6846111,4370053,80446,21095383,4289445,5700163,8862798,234927824
2015,1.76,3.66,NA,NA,NA,17.7,NA,58006245662,3505799146,19557139071,89354813608,261686378139,18492181769,38278966566,20423169936,41840003161,26426372226,172905029,95683986626,60412147326,26010317982,182726038828,79265987738,1024790707805,0.3,5.69,0.33,1.85,8.45,25.18,2.22,3.72,1.95,3.92,2.48,0.02,8.94,5.65,2.59,19.33,7.4,100,859120,1185045.1427638,2948254992,152515.462389163,37.1,464185,1251059,85,481857.569455084,4400400.161398,NA,71.1,NA,NA,65192,1641238,1251059,3440562,1106805,3744033,3440562,4400400,NA,NA,AAA,BBB+ moneda local,Baa2,3440562,442800.772200772,2449423,442800.772200772,315241.055341055,540621,450518,0,991139,127559.716859717,859120,0,0,542692,5.9,69844.5302445303,65192,8390.2187902188,1106805,72.2,1786.5168539326,51460.6741573034,19144.1947565543,136590.823970037,1117.9775280899,42118.9138576779,49995.3183520599,19930.7116104869,342269.662921348,74830.5243445693,70987.8277153558,58489.7003745318,13871.7228464419,48053.3707865169,232428.838951311,21027.1535580524,158697.565543071,33410.1123595506,1376211.61048689,0.1,11.2,5.1,4.2,1.0,5.4,16.7,1.5,11.4,2.4,1908.0,3.7,54960.0,20446.0,145879.0,1194.0,44983.0,53395.0,21286.0,365544.0,79919.0,75815.0,1.4,62467.0,14815.0,51321.0,248234.0,22457.0,169489.0,35682.0,1469794.0,9.8,0.1,3.0,3.6,1.4,25.6,15.4,11.1,110440.0,14191.0,109042.0,31505.0,NA,2464322,NA,2464322,1159759,1304563,0.9503412978,1.79,0.43,NA,489,14.3,NA,NA,NA,NA,NA,NA,NA,NA,NA,3.3,NA,67.2966666667,24.0425830087,47.78,566332.06710399,NA,NA,NA,NA,4842374,3744033.314666,1641238,3203451198675,3203451198675,1299932,NA,NA,NA,NA,NA,NA,NA,NA,NA,NA,NA,NA,NA,NA,NA,NA,NA,NA,NA,NA,0,NA,NA,NA,NA,NA,NA,NA,NA,NA,NA,NA,NA,NA,614626,2.1,5.5,NA,NA,NA,NA,73.8,104.6,104.4,95.8,77.1,102.4,101.8,104,107.5,107.8,107.7,107.5,106.2,107.4,81.7,103,91.5,56.7,106.4,NA,95.6,118.2,111.5,75.4,89,30.2,NA,9.99,NA,NA,NA,1.61,2.73,1.03,2.75,35.5,28.6,6.8,0.08,NA,NA,NA,NA,NA,NA,NA,NA,NA,NA,NA,NA,315,32,68,26,57,16,2,83,18,11,40,NA,281,33,16,51,49,NA,354,NA,300,NA,19,NA,41,NA,28,NA,13,NA,60,NA,41,285,NA,33,NA,23,NA,31,NA,58,NA,38,NA,30,NA,20,NA,12,NA,68,NA,32,343,NA,38,NA,18,NA,23,NA,49,NA,13,NA,38,NA,40,NA,9,NA,51,NA,49,300,NA,33,NA,26,38,63,22,53,20,5,75,25,284,15,13,15,38,NA,NA,NA,NA,NA,NA,345,NA,NA,NA,NA,NA,NA,23,45,26,7,300,68,33,10,28,34,28,38,62,44,32,299,18,7,76,25,20,26,26,28,46,54,360,15,43,37,4,58,41,7,25,47,21,35.39,NA,NA,NA,NA,80.5,1.9,0.46,3.48,9.84,4.07,5.6,NA,NA,NA,NA,6.8,5923,144400,4,NA,NA,NA,NA,NA,NA,NA,NA,NA,3.1,844803,-10,3,1,202.85,0.63,0.53,NA,NA,-33,19.2,14.5,36.2,87,10,65.7,58.7,41.4,3032000,1991000,1780000,211,1040254,479,58.6,204,4.7,10.6,NA,24,10.2,1071947,757282,68,61.4,9.8,1829228,90.7258064516,9.2741935484,450,46,307.1838826257,9,213.8519235717,70.0395484032,0.3652120137,20.13,30,26.2096774194,53,10.685483871,6.0483870968,29,1726,5.8467741935,241,48.5887096774,313,63.1048387097,4324,130,5270,11,496,45.41,163,1323,5949,937,946,NA,7570,43,31230,919,5589,2771,2201,14190,1267.2856875035,2540,38.0226285364,243,2757,217,111.876613527,2356,NA,NA,NA,5561,5376,0.446370239,NA,NA,NA,637,NA,142,NA,NA,31.87,NA,596579,NA,24004,10931,10266,2807,174,8,24199,0,100,107,99.1,NA,576,5.98,34817,4996,794874,101137,273093,232349,88963,64515,606579,794874,4,687912,11848,2434,16667,19101,577,12569,13146,4527,5.14,6.15,101019,10517,3544,9025,77,80,80,74,71,77,87,670.84,NA,NA,NA,NA,NA,NA,NA,NA,NA,NA,6446,NA,NA,NA,NA,NA,NA,NA,NA,NA,NA,661959,NA,NA,NA,NA,NA,18.17,0.9,196256681,153787574,42469107,6305,3605539,22,591163,0.66,596579,0.66,41148,195995,NA,NA,527591,NA,2181,9667,NA,NA,NA,0.66,NA,NA,275,34,NA,2,2,811058,687491,360983,707138,172794304,29048520,7259560,4621941,954315,22191189,4010227,6005349,11220067,258105472
